,Region,District Number,School Number,Division Name,SCHOOL,LOCATION,LAT,LONG,POP12.2019,POP12.2018,POP12.2017,SUBMIT20,COMPLETE20,SUBMIT19,COMPLETE19,SUBMIT18,COMPLETE18,SUBMIT17,COMPLETE17,SUBMIT16,COMPLETE16,SUBMIT15,COMPLETE15,PERDISADV12.2019
1,1,19,100,Charles City County,CHARLES CITY CO HIGH,CHARLES CITY,37.3509449,-77.0759547,46,45,44,18,18,19,18,22,21,43,42,27,26,28,27,43.48
2,1,21,30,Chesterfield County,CARVER COLLEGE AND CAREER ACADEMY,CHESTER,37.3484421,-77.4725573,91,79,80,26,25,28,24,31,25,25,18,20,14,22,21,75.82
3,1,21,740,Chesterfield County,CLOVER HILL HIGH,MIDLOTHIAN,37.4479115,-77.6398735,461,475,507,279,274,266,261,290,273,289,267,235,220,245,237,32.17
4,1,21,840,Chesterfield County,COSBY HIGH,MIDLOTHIAN,37.40342,-77.69895,535,600,491,319,313,376,368,317,301,334,325,294,278,299,288,17.2
5,1,21,770,Chesterfield County,JAMES RIVER HIGH,MIDLOTHIAN,37.552284,-77.649329,484,516,505,243,233,229,224,254,241,276,262,231,210,237,227,23.17
6,1,21,10,Chesterfield County,LLOYD C BIRD HIGH,CHESTERFIELD,37.3886526,-77.4947533,427,463,459,175,163,206,196,209,192,182,164,183,170,174,157,55.04
7,1,21,632,Chesterfield County,MANCHESTER HIGH,MIDLOTHIAN,37.4069102,-77.6231473,521,514,484,238,223,239,231,246,231,265,251,243,235,178,174,37.31
8,1,21,530,Chesterfield County,MATOACA HIGH,CHESTERFIELD,37.2771769,-77.468062,407,445,435,179,169,217,214,225,212,209,195,201,183,208,193,41.28
9,1,21,580,Chesterfield County,MEADOWBROOK HIGH,RICHMOND,37.4354762,-77.4832748,433,384,382,145,133,143,134,184,164,171,153,141,131,148,137,76.28
10,1,21,320,Chesterfield County,MIDLOTHIAN HIGH,MIDLOTHIAN,37.4961717,-77.6603289,397,450,399,237,233,268,261,238,226,230,222,210,198,214,204,14.9
11,1,21,280,Chesterfield County,MONACAN HIGH,RICHMOND,37.4791091,-77.6133651,386,361,351,202,187,196,191,187,180,216,206,171,157,161,151,33.68
12,1,21,610,Chesterfield County,THOMAS DALE HIGH,CHESTER,37.3588353,-77.4405616,620,562,587,311,299,295,288,313,296,312,293,276,258,263,248,41.77
13,1,106,40,Colonial Heights City,COLONIAL HEIGHTS HIGH,COLONIAL HEIGHTS,37.268127,-77.39151,214,225,199,279,274,266,261,126,114,143,135,124,117,121,112,44.86
14,1,27,500,Dinwiddie County,DINWIDDIE HIGH,DINWIDDIE,37.1138337,-77.5828966,327,302,315,152,148,119,115,157,136,143,126,128,112,124,119,44.95
15,1,37,220,Goochland County,GOOCHLAND HIGH,GOOCHLAND,37.6998177,-77.8969823,203,224,199,116,113,106,101,97,89,113,104,111,100,98,94,15.27
16,1,42,62,Hanover County,ATLEE HIGH,MECHANICSVILLE,37.6646102,-77.4104878,387,428,399,234,232,243,238,240,234,282,276,264,251,231,218,9.3
17,1,42,554,Hanover County,HANOVER HIGH,MECHANICSVILLE,37.688381,-77.3847555,320,344,336,177,176,206,202,190,177,193,182,170,157,154,147,10.31
18,1,42,370,Hanover County,LEE DAVIS HIGH,MECHANICSVILLE,37.612744,-77.3404205,338,376,390,163,158,180,178,208,200,180,174,194,181,198,190,18.93
19,1,42,400,Hanover County,PATRICK HENRY HIGH,ASHLAND,37.7856891,-77.5340724,366,332,350,190,183,179,174,195,186,198,192,179,172,165,159,25.14
20,1,43,160,Henrico County,DEEP RUN HIGH,GLEN ALLEN,37.6756382,-77.5996397,433,472,471,248,243,283,276,294,284,246,236,248,237,214,206,6.47
21,1,43,410,Henrico County,DOUGLAS S. FREEMAN HIGH,RICHMOND,37.59557,-77.53397,429,445,433,223,216,245,238,229,214,229,217,226,207,216,205,29.84
22,1,43,96,Henrico County,GLEN ALLEN HIGH,GLEN ALLEN,37.66726,-77.53385,441,433,450,257,251,266,259,324,303,276,263,260,241,248,238,21.77
23,1,43,610,Henrico County,HENRICO HIGH,RICHMOND,37.603757,-77.4329945,395,407,402,208,201,223,217,232,218,261,237,228,212,185,167,49.87
24,1,43,670,Henrico County,HERMITAGE HIGH,RICHMOND,37.632824,-77.517171,405,348,391,183,177,160,147,218,201,187,168,205,187,201,181,52.59
25,1,43,190,Henrico County,HIGHLAND SPRINGS HIGH,HIGHLAND SPRINGS,37.5398308,-77.3241416,403,383,409,173,164,182,170,203,182,247,225,179,162,180,171,60.55
26,1,43,600,Henrico County,JOHN RANDOLPH TUCKER HIGH,RICHMOND,37.62934,-77.549,403,410,442,213,205,209,200,259,241,217,200,197,184,172,164,43.18
27,1,43,140,Henrico County,MILLS E. GODWIN HIGH,RICHMOND,37.61978,-77.60384,472,500,452,272,266,310,308,268,256,277,265,268,247,242,234,17.58
28,1,43,580,Henrico County,VARINA HIGH,RICHMOND,37.4727103,-77.3768613,376,342,386,164,153,176,165,193,167,187,175,194,176,185,171,52.66
29,1,114,120,Hopewell City,HOPEWELL HIGH,HOPEWELL,37.2899315,-77.3150379,249,257,253,101,93,115,109,114,105,125,114,107,92,118,106,40.56
30,1,63,20,New Kent County,NEW KENT HIGH,NEW KENT,37.509601,-76.9809057,229,233,260,94,90,108,103,100,91,110,102,84,79,99,95,21.4
31,1,120,200,Petersburg City,PETERSBURG HIGH,PETERSBURG,37.186735,-77.3992271,250,255,249,100,91,94,87,112,98,115,100,87,82,81,76,66.8
32,1,72,11,Powhatan County,POWHATAN HIGH,POWHATAN,37.5221537,-77.8026789,341,360,346,151,145,177,171,199,191,199,183,158,147,184,174,19.71
33,1,74,20,Prince George County,PRINCE GEORGE HIGH,PRINCE GEORGE,37.2061188,-77.2659358,441,436,462,164,153,205,201,233,216,215,201,184,172,199,187,39.23
34,1,123,850,Richmond City,ARMSTRONG HIGH,RICHMOND,37.5524906,-77.4038778,172,179,235,45,40,67,58,89,75,76,65,64,58,73,68,72.67
35,1,123,621,Richmond City,FRANKLIN MILITARY ACADEMY,RICHMOND,37.52874,-77.40388,49,47,36,29,28,33,33,31,27,21,17,26,25,28,26,65.31
36,1,123,741,Richmond City,GEORGE WYTHE HIGH,RICHMOND,37.510214,-77.483051,185,227,217,63,58,75,68,67,58,72,58,69,65,92,80,63.78
37,1,123,1510,Richmond City,HUGUENOT HIGH,RICHMOND,37.531693,-77.5409084,256,317,292,94,89,159,149,183,169,142,132,115,103,86,77,52.16
38,1,123,730,Richmond City,JOHN MARSHALL HIGH,RICHMOND,37.5942347,-77.4461855,137,145,146,54,52,61,60,71,67,80,71,84,75,55,48,56.2
39,1,123,90,Richmond City,OPEN HIGH,RICHMOND,37.53753,-77.45083,48,52,36,36,35,42,42,30,30,41,40,36,35,44,42,29.17
40,1,123,452,Richmond City,RICHMOND COMMUNITY HIGH,RICHMOND,37.56838,-77.43025,55,53,54,40,40,45,44,50,49,54,50,51,47,29,29,34.55
41,1,123,20,Richmond City,THOMAS JEFFERSON HIGH,RICHMOND,37.5714775,-77.4863025,154,147,168,79,77,84,79,86,81,75,71,92,88,122,116,2.26
42,1,79,210,Richmond County,RAPPAHANNOCK HIGH,WARSAW,37.9490263,-76.7435669,99,105,80,53,53,58,56,43,37,59,54,40,39,39,37,16.16
43,1,90,10,Surry County,SURRY COUNTY HIGH,DENDRON,37.0803228,-76.9041087,54,61,63,28,26,35,35,34,33,33,30,34,30,45,41,57.41
44,1,91,340,Sussex County,SUSSEX CENTRAL HIGH,SUSSEX,36.9200764,-77.2539662,72,59,78,41,41,38,38,56,53,43,39,46,43,40,35,46.48
45,1,207,290,West Point,WEST POINT MIDDLE/HIGH,WEST POINT,37.55679,-76.79615,65,65,73,36,36,37,37,40,40,37,34,27,24,33,30,23.08
46,2,1,540,Accomack County,ARCADIA HIGH,OAK HALL,37.9252989,-75.5499049,157,154,125,66,60,56,55,57,54,57,51,51,47,58,54,41.4
47,2,1,580,Accomack County,CHINCOTEAGUE HIGH,CHINCOTEAGUE,37.9435111,-75.3640768,53,43,40,29,27,22,22,28,28,23,20,24,24,17,16,28.3
48,2,1,70,Accomack County,NANDUA HIGH,ONLEY,37.6789392,-75.7257009,158,196,163,59,57,85,79,69,65,61,55,72,66,64,61,33.76
49,2,1,530,Accomack County,TANGIER COMBINED,TANGIER,37.82739,-75.99376,1,4,5,4,4,4,4,6,6,4,4,NA,NA,NA,NA,NA
50,2,136,100,Chesapeake City,DEEP CREEK HIGH,CHESAPEAKE,36.7549431,-76.352309,358,362,369,181,173,226,217,235,229,202,191,180,171,190,181,44.13
51,2,136,960,Chesapeake City,GRASSFIELD HIGH,CHESAPEAKE,36.7138176,-76.3190925,563,558,508,300,289,330,321,344,327,269,265,300,285,245,240,11.9
52,2,136,120,Chesapeake City,GREAT BRIDGE HIGH,CHESAPEAKE,36.6886596,-76.2401676,366,340,352,174,170,219,212,219,213,185,174,185,174,225,215,22.95
53,2,136,890,Chesapeake City,HICKORY HIGH,CHESAPEAKE,36.648692,-76.216267,428,414,444,221,211,221,219,251,240,236,226,230,222,249,238,8.64
54,2,136,830,Chesapeake City,INDIAN RIVER HIGH,CHESAPEAKE,36.7969812,-76.2415753,439,368,332,185,177,208,201,190,178,201,185,202,183,193,182,41.91
55,2,136,80,Chesapeake City,OSCAR F SMITH HIGH,CHESAPEAKE,36.7402457,-76.2564033,530,467,498,238,224,250,233,262,246,249,226,257,244,282,267,55.85
56,2,136,840,Chesapeake City,WESTERN BRANCH HIGH,CHESAPEAKE,36.848105,-76.4071428,510,510,530,256,246,259,246,278,252,278,264,249,237,247,232,27.65
57,2,135,20,Franklin City,FRANKLIN HIGH,FRANKLIN,36.6915818,-76.9477963,69,73,64,35,35,36,33,41,35,34,33,34,30,40,36,55.07
58,2,112,430,Hampton City,BETHEL HIGH,HAMPTON,37.0533984,-76.4293959,328,363,357,175,164,169,158,189,177,187,172,189,170,168,156,34.15
59,2,112,280,Hampton City,HAMPTON HIGH,HAMPTON,37.0238426,-76.382332,313,299,255,142,136,161,147,155,132,189,177,170,144,162,142,41.21
60,2,112,320,Hampton City,KECOUGHTAN HIGH,HAMPTON,37.0543843,-76.3181378,368,369,391,177,171,187,177,222,208,205,189,166,156,191,179,28.8
61,2,112,50,Hampton City,PHOEBUS HIGH,HAMPTON,37.0340589,-76.3168331,176,220,218,69,66,107,100,99,88,111,97,115,103,96,90,47.73
62,2,46,40,Isle of Wight County,SMITHFIELD HIGH,SMITHFIELD,36.9453037,-76.5986919,283,292,315,145,140,143,139,151,145,158,146,123,117,138,137,26.5
63,2,46,250,Isle of Wight County,WINDSOR HIGH,WINDSOR,36.8106335,-76.7392849,110,137,113,54,50,63,62,53,49,49,46,49,45,49,47,22.73
64,2,117,1405,Newport News City,ACHIEVABLE DREAM MIDDLE/HIGH,NEWPORT NEWS,37.00235,-76.42708,42,53,38,38,34,47,43,34,32,45,41,44,41,53,48,64.29
65,2,117,280,Newport News City,DENBIGH HIGH,NEWPORT NEWS,37.1261358,-76.5482626,310,261,312,88,78,77,69,97,86,104,91,90,76,120,110,39.03
66,2,117,1395,Newport News City,HERITAGE HIGH,NEWPORT NEWS,37.0055645,-76.4290941,266,271,317,93,84,102,96,155,130,144,124,96,84,90,87,54.15
67,2,117,1220,Newport News City,MENCHVILLE HIGH,NEWPORT NEWS,37.0958657,-76.5305491,378,367,393,151,145,154,147,181,170,181,158,150,134,150,142,29.1
68,2,117,1070,Newport News City,WARWICK HIGH,NEWPORT NEWS,37.052569,-76.475836,364,384,307,154,144,152,145,136,120,154,137,126,117,148,140,37.91
69,2,117,1396,Newport News City,WOODSIDE HIGH,NEWPORT NEWS,37.1729005,-76.5240748,400,480,460,182,170,217,207,236,215,255,230,220,196,246,236,34.25
70,2,118,880,Norfolk City,BOOKER T. WASHINGTON HIGH,NORFOLK,36.8532861,-76.266716,175,126,132,88,85,78,76,122,116,129,127,135,125,139,132,65.14
71,2,118,390,Norfolk City,GRANBY HIGH,NORFOLK,36.9070077,-76.2774084,453,439,478,183,177,214,204,232,222,250,227,218,203,209,199,57.84
72,2,118,840,Norfolk City,LAKE TAYLOR HIGH,NORFOLK,36.8705817,-76.1981392,188,188,190,100,94,117,114,141,130,122,109,141,126,125,112,63.83
73,2,118,10,Norfolk City,MATTHEW FONTAINE MAURY HIGH,NORFOLK,36.86516,-76.29071,372,383,307,207,198,216,206,226,207,210,200,208,196,186,182,41.67
74,2,118,580,Norfolk City,NORVIEW HIGH,NORFOLK,36.9003379,-76.2403305,427,439,332,173,170,216,200,203,182,247,226,209,199,191,181,57.14
75,2,65,350,Northampton County,NORTHAMPTON HIGH,EASTVILLE,37.361213,-75.9409335,101,117,113,45,41,51,50,54,47,64,60,56,55,33,33,76.24
76,2,142,10,Poquoson City,POQUOSON HIGH,POQUOSON,37.128863,-76.379748,153,169,171,75,74,90,87,101,94,100,95,107,98,95,92,14.38
77,2,121,500,Portsmouth City,CHURCHLAND HIGH,PORTSMOUTH,36.8804329,-76.3709524,387,355,318,160,155,174,165,145,135,166,152,153,140,154,145,46.51
78,2,121,240,Portsmouth City,I.C. NORCOM HIGH,PORTSMOUTH,36.8360718,-76.3197416,212,230,271,102,97,122,112,137,125,148,136,127,112,151,139,59.91
79,2,121,1660,Portsmouth City,WOODROW WILSON HIGH,PORTSMOUTH,36.8140506,-76.3787593,264,333,297,108,104,132,124,160,151,136,123,181,162,165,129,63.39
80,2,87,690,Southampton County,SOUTHAMPTON HIGH,COURTLAND,36.7006951,-77.1065246,192,196,177,90,86,91,86,84,77,89,84,93,84,90,86,45.31
81,2,127,395,Suffolk City,KING'S FORK HIGH,SUFFOLK,36.7847426,-76.5934738,267,297,299,145,137,195,190,188,183,173,162,136,131,172,166,41.2
82,2,127,300,Suffolk City,LAKELAND HIGH,SUFFOLK,36.7209894,-76.6605502,228,221,174,95,91,99,95,102,96,117,111,116,105,107,100,46.93
83,2,127,240,Suffolk City,NANSEMOND RIVER HIGH,SUFFOLK,36.80191,-76.5181392,312,328,342,175,172,177,173,218,194,201,188,202,196,204,194,29.81
84,2,128,530,Virginia Beach City,BAYSIDE HIGH,VIRGINIA BEACH,36.8693411,-76.150632,425,451,431,176,169,193,182,235,218,241,224,222,208,221,212,57.41
85,2,128,610,Virginia Beach City,FIRST COLONIAL HIGH,VIRGINIA BEACH,36.8739705,-76.0300339,404,469,439,207,198,237,226,245,235,289,278,241,223,273,264,30.94
86,2,128,440,Virginia Beach City,FLOYD KELLAM HIGH,VIRGINIA BEACH,36.7435819,-76.062446,501,485,548,277,270,298,293,323,308,286,275,271,262,273,263,11.38
87,2,128,30,Virginia Beach City,FRANK W. COX HIGH,VIRGINIA BEACH,36.8871724,-76.0516977,415,421,474,213,207,228,224,262,247,251,241,241,231,249,236,26.99
88,2,128,1050,Virginia Beach City,GREEN RUN COLLEGIATE,VIRGINIA BEACH,36.80526,-76.11114,72,84,64,48,48,58,55,52,49,47,44,NA,NA,NA,NA,43.06
89,2,128,10,Virginia Beach City,GREEN RUN HIGH,VIRGINIA BEACH,36.8040758,-76.110823,332,357,358,110,101,161,155,163,156,195,180,194,182,187,172,58.43
90,2,128,620,Virginia Beach City,KEMPSVILLE HIGH,VIRGINIA BEACH,36.8202521,-76.1565847,388,352,371,177,168,176,174,198,191,184,171,169,161,176,168,37.37
91,2,128,1030,Virginia Beach City,LANDSTOWN HIGH,VIRGINIA BEACH,36.7796829,-76.1006446,570,573,544,266,255,293,288,307,289,315,301,287,275,270,262,35.26
92,2,128,960,Virginia Beach City,OCEAN LAKES HIGH,VIRGINIA BEACH,36.7716266,-75.9813944,529,523,534,280,274,284,268,302,292,282,265,231,217,302,285,29.49
93,2,128,321,Virginia Beach City,PRINCESS ANNE HIGH,VIRGINIA BEACH,36.844798,-76.1271935,468,459,487,240,231,232,224,274,261,270,263,216,207,235,226,30.98
94,2,128,850,Virginia Beach City,SALEM HIGH,VIRGINIA BEACH,36.7827184,-76.143682,398,423,431,215,205,228,220,270,253,259,245,244,231,223,212,35.68
95,2,128,920,Virginia Beach City,TALLWOOD HIGH,VIRGINIA BEACH,36.7848211,-76.1821724,457,452,520,232,222,234,228,322,309,289,272,213,202,239,230,40.92
96,2,131,202,Williamsburg-James City County,JAMESTOWN HIGH,WILLIAMSBURG,37.25109,-76.79001,338,328,317,168,163,196,191,184,175,215,208,159,152,159,153,18.93
97,2,131,90,Williamsburg-James City County,LAFAYETTE HIGH,WILLIAMSBURG,37.31537,-76.76408,254,269,271,130,121,130,126,132,122,129,120,143,133,125,118,37.21
98,2,131,204,Williamsburg-James City County,WARHILL HIGH,WILLIAMSBURG,37.33297,-76.75942,358,314,310,138,131,147,142,148,141,155,143,131,123,131,121,25.14
99,2,98,20,York County,BRUTON HIGH,WILLIAMSBURG,37.3107749,-76.6915035,115,133,170,52,50,68,68,87,83,77,72,74,70,64,60,34.78
100,2,98,332,York County,GRAFTON HIGH,YORKTOWN,37.1635125,-76.4700586,293,293,285,157,151,169,165,158,150,153,145,162,155,162,153,11.6
101,2,98,230,York County,TABB HIGH,YORKTOWN,37.1235672,-76.4332147,302,266,277,154,150,145,145,156,151,163,154,160,151,156,152,14.57
102,2,98,30,York County,YORK HIGH,YORKTOWN,37.204046,-76.5004689,254,241,282,123,122,128,126,176,165,138,131,144,137,124,119,13.78
103,3,17,460,Caroline County,CAROLINE HIGH,MILFORD,38.0004154,-77.4147105,268,276,277,123,115,109,104,127,117,120,107,107,100,90,80,47.39
104,3,202,21,Colonial Beach,COLONIAL BEACH HIGH,COLONIAL BEACH,38.25769,-76.96898,37,46,44,30,26,27,24,30,26,27,24,24,22,21,20,45.95
105,3,28,10,Essex County,ESSEX HIGH,TAPPAHANNOCK,37.9239309,-76.8743076,101,95,123,38,36,46,42,60,53,39,36,52,47,46,43,54.46
106,3,110,40,Fredericksburg City,JAMES MONROE HIGH,FREDERICKSBURG,38.3112017,-77.4751219,242,240,231,137,125,114,110,113,105,92,79,121,108,90,82,47.52
107,3,36,260,Gloucester County,GLOUCESTER HIGH,GLOUCESTER,37.3818445,-76.5251587,424,390,466,168,162,174,167,157,144,176,166,142,129,152,141,35.85
108,3,49,280,King and Queen County,CENTRAL HIGH,KING AND QUEEN COURT HOUSE,37.6743779,-76.8829122,37,34,30,26,25,18,18,16,13,10,9,12,10,17,17,70.27
109,3,48,120,King George County,KING GEORGE HIGH,KING GEORGE,38.2765473,-77.1981488,321,320,322,120,115,138,134,151,143,136,130,145,132,146,132,29.28
110,3,50,130,King William County,KING WILLIAM HIGH,KING WILLIAM,37.7421149,-77.1301604,188,170,152,68,64,63,61,56,52,67,60,67,62,73,65,23.94
111,3,51,10,Lancaster County,LANCASTER HIGH,LANCASTER,37.7691731,-76.4568509,91,97,88,49,45,38,36,52,48,43,40,49,44,43,40,56.04
112,3,57,190,Mathews County,MATHEWS HIGH,MATHEWS,37.4501011,-76.3254096,93,89,101,29,27,39,37,48,44,35,32,49,46,36,35,43.01
113,3,59,90,Middlesex County,MIDDLESEX HIGH,SALUDA,37.6081965,-76.6020737,84,89,102,30,26,34,34,53,51,30,27,37,34,33,32,35.71
114,3,66,40,Northumberland County,NORTHUMBERLAND HIGH,HEATHSVILLE,37.9131248,-76.4382281,110,106,94,59,54,59,56,59,53,59,53,48,48,51,47,30
115,3,88,381,Spotsylvania County,CHANCELLOR HIGH,FREDERICKSBURG,38.2735501,-77.5548058,304,315,308,141,134,136,131,145,138,123,119,127,114,111,106,53.31
116,3,88,20,Spotsylvania County,COURTLAND HIGH,SPOTSYLVANIA,38.2321089,-77.5517318,301,307,279,127,125,130,126,149,140,143,131,154,141,137,130,39.46
117,3,88,506,Spotsylvania County,MASSAPONAX HIGH,FREDERICKSBURG,38.1831031,-77.5126443,445,513,499,199,191,232,219,231,219,226,214,205,191,182,172,43.12
118,3,88,510,Spotsylvania County,RIVERBEND HIGH,FREDERICKSBURG,38.2951896,-77.575414,459,456,504,185,184,251,245,250,231,236,222,215,197,220,210,30.79
119,3,88,370,Spotsylvania County,SPOTSYLVANIA HIGH,SPOTSYLVANIA,38.1599116,-77.653355,289,268,272,102,100,124,116,119,113,116,108,129,119,112,108,46.18
120,3,89,421,Stafford County,BROOKE POINT HIGH,STAFFORD,38.4064364,-77.3961854,449,460,511,194,181,223,207,241,223,243,225,197,182,186,179,25.61
121,3,89,424,Stafford County,COLONIAL FORGE HIGH,STAFFORD,38.4346596,-77.4508901,544,556,505,77,76,106,103,252,243,278,264,222,205,214,206,16.73
122,3,89,430,Stafford County,MOUNTAIN VIEW HIGH,CENTREVILLE,38.4589038,-77.4978496,481,398,468,216,210,179,177,226,215,223,213,192,180,202,195,36.91
123,3,89,30,Stafford County,NORTH STAFFORD HIGH,STAFFORD,38.4674556,-77.4559935,404,412,454,164,169,177,174,232,215,202,191,190,176,184,174,36.39
124,3,89,20,Stafford County,STAFFORD SR. HIGH,FREDERICKSBURG,38.3618535,-77.4641274,483,504,504,204,195,237,225,219,204,240,224,218,203,207,200,27.12
125,3,95,120,Westmoreland County,WASHINGTON & LEE HIGH,MONTROSS,38.06654,-76.77517,106,127,105,53,49,71,66,51,50,60,53,61,49,39,38,67.92
126,4,101,210,Alexandria City,TC WILLIAMS HIGH,ALEXANDRIA,38.8236629,-77.0844451,971,902,864,520,495,515,483,530,506,459,415,445,414,469,440,66.74
127,4,7,450,Arlington County,WAKEFIELD HIGH,ARLINGTON,38.8477401,-77.1117173,565,545,523,264,255,264,249,277,248,231,218,205,174,208,187,36.46
128,4,7,80,Arlington County,WASHINGTON-LIBERTY HIGH,ARLINGTON,38.88701,-77.11089,615,680,585,341,320,359,347,324,306,350,328,296,268,239,226,24.72
129,4,7,330,Arlington County,YORKTOWN HIGH,ARLINGTON,38.9029163,-77.1392821,571,536,509,288,276,286,281,271,256,254,247,259,246,290,279,9.81
130,4,22,10,Clarke County,CLARKE COUNTY HIGH,BERRYVILLE,39.1620467,-77.9949507,168,181,156,77,76,106,103,79,77,108,100,104,97,76,74,16.67
131,4,24,480,Culpeper County,CULPEPER COUNTY HIGH,CULPEPER,38.4942925,-77.9868418,262,296,300,129,121,123,118,126,116,125,117,101,95,118,109,29.77
132,4,24,50,Culpeper County,EASTERN VIEW HIGH,CULPEPER,38.47506,-77.94739,319,301,328,158,153,109,103,138,127,133,122,118,112,121,112,32.6
133,4,29,660,Fairfax County,ANNANDALE HIGH,ANNANDALE,38.8222822,-77.2076386,491,546,499,262,251,278,264,261,239,246,220,292,265,276,259,51.93
134,4,29,2201,Fairfax County,BRYANT HIGH,ALEXANDRIA,38.76244,-77.07993,145,174,153,17,14,7,7,15,9,21,18,6,4,14,10,46.9
135,4,29,200,Fairfax County,CENTREVILLE HIGH,CLIFTON,38.8250526,-77.4109045,647,664,629,396,378,420,406,400,384,362,344,352,335,358,341,24.73
136,4,29,131,Fairfax County,CHANTILLY HIGH,CHANTILLY,38.8805835,-77.4073358,741,732,720,473,461,463,450,415,397,430,414,362,339,389,372,15.25
137,4,29,1270,Fairfax County,EDISON HIGH,ALEXANDRIA,38.7827184,-77.1339066,563,491,457,275,266,258,244,267,250,248,230,231,218,214,203,34.99
138,4,29,20,Fairfax County,FAIRFAX HIGH,FAIRFAX,38.8598925,-77.2861676,624,566,578,176,173,225,216,322,311,283,273,304,281,372,351,19.87
139,4,29,1100,Fairfax County,FALLS CHURCH HIGH,FALLS CHURCH,38.8619112,-77.2063375,472,481,446,98,92,146,141,194,185,171,160,174,158,159,147,47.77
140,4,29,1800,Fairfax County,HAYFIELD SECONDARY,ALEXANDRIA,38.750849,-77.1432134,502,551,488,314,305,343,336,311,293,290,278,288,275,293,279,26.89
141,4,29,32,Fairfax County,HERNDON HIGH,HERNDON,38.9861238,-77.3749377,533,530,489,287,276,268,261,297,285,250,235,245,230,255,239,34.52
142,4,29,1070,Fairfax County,JUSTICE HIGH,FALLS CHURCH,38.8568,-77.14946,524,477,449,281,263,259,242,270,247,247,227,227,206,215,197,53.82
143,4,29,90,Fairfax County,LAKE BRADDOCK SECONDARY,BURKE,38.803391,-77.265172,712,730,718,470,461,455,442,481,463,453,435,404,391,385,365,15.73
144,4,29,1460,Fairfax County,LANGLEY HIGH,MCLEAN,38.95126,-77.16468,488,479,501,258,252,262,254,244,236,243,235,198,185,201,188,3.07
145,4,29,1020,Fairfax County,LEE HIGH,SPRINGFIELD,38.779857,-77.169821,464,437,408,235,226,227,218,231,215,207,199,224,212,240,223,45.27
146,4,29,1060,Fairfax County,MADISON HIGH,VIENNA,38.8964568,-77.2785044,551,538,570,345,340,345,340,328,317,276,260,255,239,250,236,10.89
147,4,29,1290,Fairfax County,MARSHALL HIGH,FALLS CHURCH,38.905904,-77.2123123,554,592,525,324,312,347,338,281,267,287,273,218,201,197,185,16.61
148,4,29,790,Fairfax County,MCLEAN HIGH,MCLEAN,38.923381,-77.185141,571,546,507,362,355,339,330,262,255,298,287,285,267,253,241,7.36
149,4,29,420,Fairfax County,MOUNT VERNON HIGH,ALEXANDRIA,38.7266329,-77.0927247,471,543,490,185,179,208,193,215,195,199,182,193,175,204,190,45.86
150,4,29,2211,Fairfax County,MOUNTAIN VIEW HIGH,CENTREVILLE,38.83718,-77.42406,149,145,159,19,15,7,7,24,18,22,20,17,12,21,21,14.85
151,4,29,1710,Fairfax County,OAKTON HIGH,VIENNA,38.8773783,-77.2825465,665,687,595,409,395,420,419,377,352,350,338,302,290,270,256,12.95
152,4,29,1960,Fairfax County,ROBINSON SECONDARY,FAIRFAX,38.8171111,-77.3048881,682,646,726,438,433,439,429,434,415,465,449,393,377,466,443,10.12
153,4,29,2241,Fairfax County,SOUTH COUNTY HIGH,LORTON,38.7174282,-77.2385395,542,578,583,331,323,381,375,339,321,329,306,296,282,245,232,18.27
154,4,29,1990,Fairfax County,SOUTH LAKES HIGH,RESTON,38.9321389,-77.3394418,601,615,601,343,337,340,329,344,330,354,341,292,274,317,303,24.63
155,4,29,1371,Fairfax County,THOMAS JEFFERSON HIGH,ALEXANDRIA,38.8185123,-77.1687535,443,425,433,364,362,337,335,345,342,341,337,321,308,291,285,38.31
156,4,29,900,Fairfax County,WEST POTOMAC HIGH,ALEXANDRIA,38.7743791,-77.0718216,664,591,628,181,175,229,221,310,297,289,269,224,208,250,236,37.65
157,4,29,1610,Fairfax County,WEST SPRINGFIELD HIGH,SPRINGFIELD,38.786203,-77.2403357,536,556,554,360,355,358,355,351,331,337,327,330,312,362,344,13.62
158,4,29,2228,Fairfax County,WESTFIELD HIGH,CHANTILLY,38.8850473,-77.4642814,647,680,621,413,399,384,379,359,346,401,385,321,304,371,354,23.03
159,4,29,1260,Fairfax County,WOODSON HIGH,FAIRFAX,38.8402362,-77.275978,570,612,665,357,348,402,396,426,405,363,348,339,319,315,307,10.72
160,4,109,251,Falls Church City,GEORGE MASON HIGH,FALLS CHURCH,38.8965952,-77.1914022,194,208,206,124,115,138,137,150,144,132,128,113,107,105,102,8.25
161,4,30,701,Fauquier County,FAUQUIER HIGH,WARRENTON,38.7202697,-77.8150169,356,348,338,175,169,154,146,168,161,149,136,145,138,142,138,15.73
162,4,30,510,Fauquier County,KETTLE RUN HIGH SCH,NOKESVILLE,38.73245,-77.68104,315,311,312,152,146,162,155,161,155,177,167,160,148,142,138,10.16
163,4,30,851,Fauquier County,LIBERTY HIGH,BEALETON,36.9089206,-80.3078833,328,321,336,137,131,141,137,123,115,126,113,98,86,123,114,45.27
164,4,34,30,Frederick County,JAMES WOOD HIGH,WINCHESTER,39.2145511,-78.18269,342,301,327,147,142,136,132,141,134,150,143,143,129,150,147,23.17
165,4,34,584,Frederick County,MILLBROOK HIGH,WINCHESTER,39.1912949,-78.115178,355,347,363,145,140,146,138,180,160,168,162,130,115,138,129,31.55
166,4,34,581,Frederick County,SHERANDO HIGH,STEPHENS CITY,39.0748168,-78.1927787,341,393,375,135,130,161,158,186,177,188,176,155,146,164,151,24.63
167,4,53,420,Loudoun County,BRIAR WOODS HIGH,ASHBURN,38.9924911,-77.5309723,447,415,408,300,295,254,250,272,262,234,221,292,280,287,276,5.59
168,4,53,740,Loudoun County,BROAD RUN HIGH,ASHBURN,39.0227452,-77.4904783,395,413,381,221,218,258,251,242,235,256,238,258,241,249,240,19.29
169,4,53,31,Loudoun County,DOMINION HIGH,STERLING,39.0262133,-77.3735847,422,370,394,234,223,203,194,226,209,188,179,193,176,177,171,31.04
170,4,53,120,Loudoun County,FREEDOM HIGH,SOUTH RIDING,38.9131399,-77.5365047,490,468,429,344,335,329,325,284,276,230,215,228,218,178,171,11.02
171,4,53,900,Loudoun County,HERITAGE HIGH,LEESBURG,39.0842357,-77.5697537,359,364,352,218,203,209,205,223,209,198,190,155,143,168,162,19.78
172,4,53,370,Loudoun County,JOHN CHAMPE HIGH,ALDIE,38.93336,-77.56768,570,496,459,329,313,287,283,278,270,220,210,191,183,152,146,13.86
173,4,53,660,Loudoun County,LOUDOUN COUNTY HIGH,LEESBURG,39.076767,-77.6536125,401,344,390,221,211,167,165,202,193,212,202,200,186,200,192,19.95
174,4,53,680,Loudoun County,LOUDOUN VALLEY HIGH,PURCELLVILLE,39.1402175,-77.7021339,339,337,357,214,205,177,172,214,206,208,202,188,180,173,169,7.99
175,4,53,60,Loudoun County,PARK VIEW HIGH,STERLING,39.0146237,-77.4007081,372,347,383,170,159,175,166,147,136,158,142,140,129,147,133,63.17
176,4,53,140,Loudoun County,POTOMAC FALLS HIGH,POTOMAC FALLS,39.0499603,-77.3937649,408,411,425,238,233,215,208,240,227,224,212,211,198,192,187,21.57
177,4,53,1050,Loudoun County,RIVERSIDE HIGH,LEESBURG,39.08956,-77.48838,478,377,307,287,280,221,219,188,176,112,110,NA,NA,NA,NA,11.72
178,4,53,1060,Loudoun County,ROCK RIDGE HIGH,ASHBURN,38.97652,-77.50449,524,508,396,344,337,315,307,271,257,194,187,80,78,4,4,13.93
179,4,53,850,Loudoun County,STONE BRIDGE HIGH,ASHBURN,39.0488313,-77.5087331,430,385,412,266,260,223,211,268,254,280,270,264,256,240,228,10.47
180,4,53,200,Loudoun County,TUSCARORA HIGH,LEESBURG,39.12823,-77.55547,366,388,340,199,195,227,222,186,177,224,205,243,235,254,244,24.04
181,4,53,590,Loudoun County,WOODGROVE HIGH,PURCELLVILLE,39.15915,-77.73077,446,395,400,227,221,194,190,208,201,208,198,187,181,220,208,7.85
182,4,56,221,Madison County,MADISON COUNTY HIGH,MADISON,38.3646779,-78.2684709,142,126,125,56,56,60,60,58,54,60,54,57,51,84,82,35.92
183,4,143,370,Manassas,OSBOURN HIGH,MANASSAS,38.7465688,-77.4668776,535,498,450,209,192,185,172,169,151,181,163,185,169,190,172,38.88
184,4,144,30,Manassas Park City,MANASSAS PARK HIGH,MANASSAS PARK,38.7784432,-77.4403954,237,301,269,94,87,115,109,113,107,108,98,88,84,78,69,56.54
185,4,68,330,Orange County,ORANGE CO. HIGH,ORANGE,38.2454619,-78.09634,393,377,355,168,158,154,148,171,160,198,183,165,152,137,132,37.66
186,4,69,110,Page County,LURAY HIGH,LURAY,38.6548941,-78.4853936,126,146,138,47,46,56,56,62,59,52,46,58,53,43,43,50.79
187,4,69,380,Page County,PAGE COUNTY HIGH,SHENANDOAH,38.5638846,-78.610055,120,130,128,49,48,40,36,35,34,47,46,42,37,48,46,42.59
188,4,75,290,Prince William County,BATTLEFIELD HIGH,HAYMARKET,38.8453326,-77.6298068,788,728,718,475,458,477,467,433,413,413,391,312,301,302,287,8.28
189,4,75,530,Prince William County,BRENTSVILLE DISTRICT HIGH,NOKESVILLE,38.691208,-77.568569,246,240,255,99,96,125,126,111,108,130,124,94,91,72,67,12.2
190,4,75,710,Prince William County,C.D. HYLTON HIGH,WOODBRIDGE,38.6492862,-77.3845405,557,549,557,280,271,288,270,302,279,311,294,328,294,296,279,40.75
191,4,75,5010,Prince William County,CHARLES J COLGAN SR HIGH,MANASSAS,38.64568,-77.44391,705,519,386,379,365,275,267,173,187,<5,<5,NA,NA,NA,NA,20.14
192,4,75,870,Prince William County,FOREST PARK HIGH,WOODBRIDGE,38.6118993,-77.3640596,541,534,546,265,255,270,257,263,250,262,246,255,238,285,269,28.65
193,4,75,300,Prince William County,FREEDOM HIGH,WOODBRIDGE,38.6215541,-77.2877119,563,562,526,191,179,208,194,215,184,174,147,162,137,188,174,65.19
194,4,75,690,Prince William County,GAR-FIELD HIGH,WOODBRIDGE,38.62824,-77.29269,646,601,590,271,254,273,255,249,232,297,282,231,216,261,243,59.75
195,4,75,80,Prince William County,OSBOURN PARK HIGH,MANASSAS,38.7633778,-77.4493542,555,486,493,296,290,255,246,274,252,329,303,334,312,300,277,30.14
196,4,75,1060,Prince William County,PATRIOT HIGH,NOKESVILLE,38.72731,-77.57977,656,694,739,384,375,396,386,412,394,388,373,340,324,411,386,13.3
197,4,75,140,Prince William County,POTOMAC HIGH,DUMFRIES,38.5972688,-77.3092352,490,517,468,217,208,267,258,239,222,227,212,160,146,160,153,43.06
198,4,75,680,Prince William County,STONEWALL JACKSON HIGH,MANASSAS,38.7652206,-77.5085508,631,583,609,197,179,222,211,233,212,209,194,200,178,196,182,53.25
199,4,75,60,Prince William County,WOODBRIDGE HIGH,WOODBRIDGE,38.6814935,-77.3020313,644,616,614,314,299,318,306,338,309,333,309,357,328,339,324,37.11
200,4,78,230,Rappahannock County,RAPPAHANNOCK CO. HIGH,WASHINGTON,38.6865025,-78.1880954,65,78,81,35,31,34,34,49,44,42,37,25,23,36,36,26.15
201,4,85,780,Shenandoah County,CENTRAL HIGH,WOODSTOCK,38.8661147,-78.5228762,190,182,193,77,73,70,64,76,71,60,56,80,72,76,71,36.83
202,4,85,790,Shenandoah County,STONEWALL JACKSON HIGH,QUICKSBURG,38.7040848,-78.6638907,134,108,118,52,52,48,48,48,47,53,52,44,40,52,48,45.11
203,4,85,770,Shenandoah County,STRASBURG HIGH,STRASBURG,38.9842752,-78.3630673,143,133,134,54,53,41,41,70,65,65,59,72,62,69,66,25.17
204,4,93,250,Warren County,SKYLINE HIGH,FRONT ROYAL,38.9071724,-78.2075148,221,199,246,70,69,61,58,74,70,76,71,78,70,82,81,28.05
205,4,93,230,Warren County,WARREN COUNTY HIGH,FRONT ROYAL,38.9167655,-78.1677306,191,202,201,51,48,84,80,81,73,92,84,89,85,88,81,35.08
206,4,132,40,Winchester City,JOHN HANDLEY HIGH,WINCHESTER,39.17748,-78.17484,264,292,303,120,111,125,120,119,106,136,121,124,110,113,103,54.55
207,5,2,880,Albemarle County,ALBEMARLE HIGH,CHARLOTTESVILLE,38.0749759,-78.5002245,500,491,525,299,286,276,270,261,245,267,253,228,210,246,235,25.2
208,5,2,1052,Albemarle County,MONTICELLO HIGH,CHARLOTTESVILLE,37.9989866,-78.4895468,286,287,257,129,126,155,150,131,119,149,142,134,124,144,130,25.81
209,5,2,890,Albemarle County,MURRAY HIGH,CHARLOTTESVILLE,38.04056,-78.48282,21,35,24,5,5,11,11,4,4,7,6,4,4,7,6,NA
210,5,2,140,Albemarle County,WESTERN ALBEMARLE HIGH,CROZET,38.047229,-78.7072274,296,270,284,174,172,165,164,164,160,149,141,152,144,142,134,12.84
211,5,5,750,Amherst County,AMHERST COUNTY HIGH,AMHERST,37.5701083,-79.0585912,289,263,311,104,95,99,96,110,98,128,117,113,106,105,95,40.14
212,5,8,660,Augusta County,BUFFALO GAP HIGH,SWOOPE,38.1941234,-79.2180631,122,113,119,51,46,50,47,59,56,66,63,54,51,53,53,31.15
213,5,8,670,Augusta County,FORT DEFINACE HIGH,FORT DEFIANCE,38.2472911,-78.9738958,174,196,183,70,64,86,83,86,83,99,92,85,80,77,73,25.29
214,5,8,680,Augusta County,RIVERHEADS HIGH,STAUNTON,38.0325604,-79.139328,113,115,107,46,44,57,56,61,58,51,47,54,53,66,63,28.32
215,5,8,730,Augusta County,STUARTS DRAFT HIGH,STUARTS DRAFT,38.0466411,-79.0127649,151,168,171,66,65,89,85,97,93,75,71,85,78,75,72,30.67
216,5,8,720,Augusta County,WILSON MEMORIAL HIGH,FISHERSVILLE,38.1224041,-78.9856919,202,177,196,96,90,84,82,106,100,79,73,84,78,94,93,26.87
217,5,9,140,Bath County,BATH COUNTY HIGH,HOT SPRINGS,38.0340091,-79.7947539,31,45,47,18,18,28,26,32,32,37,34,38,34,28,25,NA
218,5,10,1212,Bedford County,JEFFERSON FOREST HIGH,FOREST,37.3759918,-79.303512,331,351,331,156,155,167,164,140,136,157,154,169,160,177,173,15.71
219,5,10,1180,Bedford County,LIBERTY HIGH,BEDFORD,37.3718966,-79.497306,190,201,216,60,58,80,78,80,71,71,67,85,74,76,67,29.88
220,5,10,1190,Bedford County,STAUNTON RIVER HIGH,MONETA,37.2412023,-79.622751,237,220,254,63,60,79,74,84,74,85,80,90,81,70,67,43.88
221,5,103,62,Buena Vista City,PARRY MCCLUER HIGH,BUENA VISTA,37.7186786,-79.3587426,62,100,59,21,21,57,55,32,29,46,44,25,25,34,33,30.65
222,5,16,200,Campbell County,ALTAVISTA HIGH,ALTAVISTA,37.1095512,-79.2959421,83,76,86,21,19,26,25,38,37,42,42,44,40,53,47,44.58
223,5,16,720,Campbell County,BROOKVILLE HIGH,LYNCHBURG,37.3457541,-79.2355284,235,241,234,88,84,94,91,107,99,107,102,93,88,109,102,27.23
224,5,16,222,Campbell County,RUSTBURG HIGH,RUSTBURG,37.2763691,-79.0848937,214,205,230,80,77,67,64,93,84,77,71,82,74,69,68,40.19
225,5,16,542,Campbell County,WILLIAM CAMPBELL HIGH,NARUNA,37.1129266,-79.0071084,64,71,58,27,25,30,28,29,28,28,27,36,31,31,27,51.56
226,5,104,140,Charlottesville City,CHARLOTTESVILLE HIGH,CHARLOTTESVILLE,38.0524009,-78.4761783,286,264,265,164,157,153,148,173,163,160,152,132,122,150,142,31.82
227,5,32,260,Fluvanna County,FLUVANNA COUNTY HIGH,PALMYRA,37.8722192,-78.2987307,287,257,266,174,173,126,120,147,140,137,130,143,130,145,139,25.44
228,5,39,72,Greene County,WILLIAM MONROE HIGH,STANARDSVILLE,38.2956646,-78.442656,224,222,219,127,120,116,114,115,112,147,144,109,103,130,123,28.57
229,5,113,12,Harrisonburg City,HARRISONBURG HIGH,HARRISONBURG,38.4426144,-78.9099879,459,459,458,229,218,242,229,254,235,211,183,148,135,183,167,65.58
230,5,45,220,Highland County,HIGHLAND HIGH,MONTEREY,38.40723,-79.57905,16,14,12,6,6,11,11,5,4,5,5,10,10,4,4,81.25
231,5,54,602,Louisa County,LOUISA COUNTY HIGH,MINERAL,38.0175931,-77.9208521,365,344,385,143,140,157,146,211,199,156,145,163,154,152,148,43.56
232,5,115,260,Lynchburg City,E.C. GLASS HIGH,LYNCHBURG,37.4075276,-79.1667579,342,330,329,191,182,181,171,169,153,180,151,163,146,191,176,49.71
233,5,115,130,Lynchburg City,HERITAGE HIGH,LYNCHBURG,37.3631166,-79.2060821,234,227,257,127,118,109,106,133,117,111,103,112,97,126,117,53.85
234,5,62,710,Nelson County,NELSON COUNTY HIGH,LOVINGSTON,37.7324989,-78.8961147,132,148,159,63,61,54,54,87,85,75,68,70,66,54,48,52.27
235,5,81,22,Rockbridge County,ROCKBRIDGE COUNTY HIGH,LEXINGTON,37.8018525,-79.4227768,207,233,231,110,108,136,132,140,133,125,120,125,115,118,112,33.82
236,5,82,870,Rockingham County,BROADWAY HIGH,BROADWAY,38.6064088,-78.7943693,230,223,247,134,124,115,115,112,106,115,111,97,88,99,91,24.89
237,5,82,391,Rockingham County,EAST ROCKINGHAM HIGH,ELKTON,38.39935,-78.65372,191,185,167,76,75,83,80,89,80,79,71,77,69,73,71,26.6
238,5,82,20,Rockingham County,SPOTSWOOD HIGH,PENN LAIRD,38.3753811,-78.7630769,252,236,206,131,124,132,122,104,98,138,130,84,79,91,90,34.4
239,5,82,850,Rockingham County,TURNER ASHBY HIGH,BRIDGEWATER,38.394992,-78.9556895,242,262,274,118,115,121,118,126,121,146,141,123,115,96,94,27.92
240,5,126,30,Staunton City,STAUNTON HIGH,STAUNTON,38.1648669,-79.0532921,202,192,196,98,91,107,98,114,107,89,83,94,88,85,81,34.83
241,5,130,600,Waynesboro City,WAYNESBORO HIGH,WAYNESBORO,38.070414,-78.898357,185,200,169,68,67,82,80,86,82,74,67,93,88,117,105,45.95
242,6,3,310,Alleghany County,ALLEGHANY HIGH,COVINGTON,37.7888953,-79.9084564,157,190,195,72,71,94,86,112,104,108,103,112,104,124,121,37.58
243,6,12,430,Botetourt County,JAMES RIVER HIGH,BUCHANAN,37.5468429,-79.7257825,137,141,133,73,71,102,98,95,91,86,79,85,79,99,95,17.52
244,6,12,440,Botetourt County,LORD BOTETOURT HIGH,DALEVILLE,37.4054993,-79.9148434,272,239,246,171,166,150,148,157,152,151,141,167,159,132,126,13.6
245,6,107,350,Covington City,COVINGTON HIGH,COVINGTON,37.7840569,-79.9915868,64,80,65,34,33,45,39,34,33,36,35,33,33,33,33,51.56
246,6,23,11,Craig County,CRAIG COUNTY HIGH,NEW CASTLE,37.5157511,-80.0847101,51,56,65,21,21,26,25,41,40,25,24,25,22,29,28,37.25
247,6,108,1374,Danville City,GALILEO MAGNET HIGH,DANVILLE,36.58471,-79.39378,72,63,58,52,47,54,54,37,35,39,39,38,37,27,23,37.5
248,6,108,210,Danville City,GEORGE WASHINGTON HIGH,DANVILLE,36.5857022,-79.4123554,299,221,207,103,93,117,108,150,138,140,134,142,128,150,135,41.47
249,6,31,660,Floyd County,FLOYD COUNTY HIGH,FLOYD,36.9089206,-80.3078833,157,157,190,95,95,100,97,115,108,94,92,71,63,73,70,34.62
250,6,33,1311,Franklin County,FRANKLIN COUNTY HIGH,ROCKY MOUNT,37.0038712,-79.8779834,494,518,480,257,246,289,281,274,256,279,260,265,243,276,262,34.82
251,6,44,10,Henry County,BASSETT HIGH,BASSETT,36.7303796,-79.9572657,280,254,268,157,147,141,136,205,194,172,153,144,127,134,130,46.42
252,6,44,20,Henry County,MAGNA VISTA HIGH,RIDGEWAY,36.5932212,-79.8902124,269,240,260,120,117,99,93,146,140,126,116,111,98,103,94,30.03
253,6,116,110,Martinsville City,MARTINSVILLE HIGH,MARTINSVILLE,36.6947749,-79.8615879,126,138,149,64,57,71,65,84,77,75,68,76,67,65,62,54.76
254,6,60,650,Montgomery County,AUBURN HIGH,RINER,37.0596121,-80.4435313,90,107,110,66,63,64,63,81,79,67,65,55,54,47,44,36.67
255,6,60,760,Montgomery County,BLACKSBURG HIGH,BLACKSBURG,37.2108556,-80.4593477,295,305,290,235,235,240,236,204,201,174,166,175,168,144,136,20.34
256,6,60,770,Montgomery County,CHRISTIANSBURG HIGH,CHRISTIANSBURG,37.1455846,-80.4180103,217,259,273,142,138,166,159,200,198,156,150,162,153,122,116,33.64
257,6,60,904,Montgomery County,EASTERN MONTGOMERY HIGH,ELLISTON,37.2044,-80.2308,69,63,79,33,32,39,38,54,49,29,28,29,29,28,28,60.87
258,6,70,700,Patrick County,PATRICK COUNTY HIGH,STUART,36.623479,-80.2707471,137,172,182,76,72,105,100,137,128,110,103,89,81,104,99,36.5
259,6,71,1720,Pittsylvania County,CHATHAM HIGH,CHATHAM,36.787541,-79.402455,147,157,151,76,74,91,91,96,89,77,70,88,77,77,74,54.42
260,6,71,1680,Pittsylvania County,DAN RIVER HIGH,RINGGOLD,36.6615758,-79.3001272,165,162,157,75,71,95,90,95,88,80,70,78,74,81,78,58.18
261,6,71,1700,Pittsylvania County,GRETNA HIGH,GRETNA,36.9456361,-79.3687596,154,137,120,71,65,72,71,70,62,75,71,74,71,70,70,62.34
262,6,71,1730,Pittsylvania County,TUNSTALL HIGH,DRY FORK,36.669493,-79.524529,209,223,256,109,106,114,109,153,144,143,134,127,120,127,118,45.45
263,6,124,390,Roanoke City,PATRICK HENRY HIGH,ROANOKE,37.2559901,-79.9836085,468,440,421,225,215,233,225,237,216,269,234,220,178,240,209,40.81
264,6,124,400,Roanoke City,WILLIAM FLEMING HIGH,ROANOKE,37.3101275,-79.983814,313,337,345,177,161,159,140,195,170,165,136,164,143,145,126,47.6
265,6,80,470,Roanoke County,CAVE SPRING HIGH,ROANOKE,37.2134145,-80.0014986,250,241,228,171,167,171,167,156,147,177,171,161,150,139,128,13.6
266,6,80,610,Roanoke County,GLENVAR HIGH,ROANOKE,37.2805334,-80.1390669,147,139,127,89,87,86,84,75,69,84,83,83,81,62,58,22.45
267,6,80,754,Roanoke County,HIDDEN VALLEY HIGH,ROANOKE,37.2241006,-80.0241968,222,188,248,160,156,117,111,177,171,145,142,129,124,162,154,14.41
268,6,80,520,Roanoke County,NORTHSIDE HIGH,ROANOKE,37.326394,-79.996303,234,258,275,141,130,156,150,168,156,140,132,161,142,128,122,27.78
269,6,80,630,Roanoke County,WILLIAM BYRD HIGH,VINTON,37.2840552,-79.8586006,260,260,272,157,155,148,146,183,173,175,169,207,199,136,130,19.23
270,6,139,70,Salem City,SALEM HIGH,SALEM,37.292884,-80.078294,278,305,302,202,189,201,199,212,203,162,148,177,162,206,199,24.46
271,7,11,260,Bland County,BLAND COUNTY HIGH,ROCKY GAP,37.24103,-81.10966,45,71,62,28,25,46,45,37,37,20,18,19,18,41,36,37.78
272,7,102,80,Bristol City,VIRGINIA HIGH,BRISTOL,36.6142894,-82.179959,165,176,159,89,86,82,79,92,85,81,76,65,61,89,86,55.15
273,7,14,1000,Buchanan County,COUNCIL HIGH,HONAKER,37.08192,-82.07919,18,34,21,8,8,24,24,15,15,15,13,13,11,15,14,77.78
274,7,14,990,Buchanan County,GRUNDY HIGH,GRUNDY,37.2832764,-82.0614375,103,106,103,46,43,51,48,55,52,61,57,42,40,63,55,62.14
275,7,14,1020,Buchanan County,HURLEY HIGH,HURLEY,37.3800584,-82.0005726,53,39,40,19,19,16,15,16,14,18,16,16,14,24,22,52.83
276,7,14,1042,Buchanan County,TWIN VALLEY HIGH,PILGRIMS KNOB,37.2402094,-81.9138613,42,35,50,22,21,22,20,22,21,28,28,21,19,26,26,64.29
277,7,18,1230,Carroll County,CARROLL COUNTY HIGH,HILLSVILLE,36.7633838,-80.7248998,267,272,274,104,100,97,95,101,93,103,95,96,89,115,111,41.57
278,7,26,275,Dickenson County,RIDGEVIEW HIGH,CLINTWOOD,37.13374,-82.3875,137,134,148,69,64,79,76,77,71,28,25,39,35,4,4,27.01
279,7,111,31,Galax City,GALAX HIGH,GALAX,36.6546001,-80.9243246,91,98,84,52,50,47,41,51,42,54,49,52,47,65,57,56.04
280,7,35,461,Giles County,GILES HIGH,PEARISBURG,37.3277996,-80.7045485,112,134,126,70,69,69,67,68,59,88,83,67,65,73,70,33.03
281,7,35,470,Giles County,NARROWS HIGH,NARROWS,37.3376918,-80.8043575,59,78,71,35,32,38,36,43,38,28,28,33,33,36,34,50.85
282,7,38,421,Grayson County,GRAYSON COUNTY HIGH,INDEPENDENCE,36.6213372,-81.146822,115,110,121,63,62,48,46,59,55,57,53,62,57,69,67,48.7
283,7,52,300,Lee County,LEE HIGH,JONESVILLE,36.7310425,-83.0888057,148,137,131,57,52,79,77,78,74,74,72,74,69,79,77,50
284,7,52,880,Lee County,THOMAS WALKER HIGH,EWING,36.6474876,-83.4082302,47,59,61,26,26,17,16,36,35,19,18,23,20,30,27,38.3
285,7,119,20,Norton City,J.I. BURTON HIGH,NORTON,36.9297613,-82.6334039,52,53,57,46,45,41,39,45,43,37,36,33,31,36,32,73.08
286,7,77,10,Pulaski County,PULASKI COUNTY SR. HIGH,DUBLIN,37.0944861,-80.7186174,253,311,354,176,168,176,172,183,171,176,166,136,124,134,128,50.59
287,7,122,41,Radford City,RADFORD HIGH,RADFORD,37.1354544,-80.5700578,124,121,125,91,89,93,91,93,86,72,70,71,62,75,72,43.55
288,7,83,791,Russell County,CASTLEWOOD HIGH,CASTLEWOOD,36.8719736,-82.2962094,65,67,74,41,40,50,50,32,31,38,33,45,44,56,51,69.23
289,7,83,540,Russell County,HONAKER HIGH,HONAKER,37.0170552,-81.978459,102,76,76,59,55,52,51,44,44,75,72,46,42,45,44,55.88
290,7,83,140,Russell County,LEBANON HIGH,LEBANON,36.8883048,-82.1100746,119,116,120,59,59,73,71,64,59,52,46,50,45,52,49,43.7
291,7,84,770,Scott County,GATE CITY HIGH,GATE CITY,36.6396185,-82.568819,141,180,162,80,74,96,90,88,83,94,91,86,77,88,84,34.04
292,7,84,260,Scott County,RYE COVE HIGH,DUFFIELD,36.735492,-82.691344,46,51,53,22,22,36,34,31,30,26,25,28,24,29,26,50
293,7,84,780,Scott County,TWIN SPRINGS HIGH,NICKELSVILLE,36.7798662,-82.4633047,48,40,54,21,20,25,24,32,31,32,32,30,29,38,36,45.83
294,7,86,460,Smyth County,CHILHOWIE HIGH,CHILHOWIE,36.8046049,-81.673446,84,107,80,48,44,62,60,51,48,60,49,38,37,55,54,34.52
295,7,86,700,Smyth County,MARION SENIOR HIGH,MARION,36.8387222,-81.5049458,132,147,147,59,58,80,79,77,70,99,93,65,54,84,81,35.88
296,7,86,250,Smyth County,NORTHWOOD HIGH,SALTVILLE,36.8783108,-81.7625515,62,73,61,23,19,36,34,25,24,26,24,24,21,40,38,48.39
297,7,92,940,Tazewell County,GRAHAM HIGH,BLUEFIELD,37.2377269,-81.2709841,132,120,118,88,82,63,59,74,68,81,76,65,61,60,60,30.3
298,7,92,821,Tazewell County,RICHLANDS HIGH,RICHLANDS,37.0934577,-81.7773114,178,154,141,80,77,79,77,79,73,61,57,71,64,65,63,48.88
299,7,92,890,Tazewell County,TAZEWELL HIGH,TAZEWELL,37.1250001,-81.5049651,131,116,130,67,65,64,63,62,58,69,65,67,60,66,61,49.62
300,7,94,1030,Washington County,ABINGDON HIGH,ABINGDON,36.7205411,-81.9538161,221,228,235,109,105,141,137,136,125,119,107,100,92,103,94,31.22
301,7,94,1060,Washington County,HOLSTON HIGH,DAMASCUS,36.6540786,-81.7941724,70,74,73,27,27,47,45,41,38,45,38,34,27,37,35,48.57
302,7,94,1040,Washington County,JOHN S. BATTLE HIGH,BRISTOL,36.6435947,-82.1046978,160,141,138,78,72,88,83,80,78,86,82,86,82,68,67,36.25
303,7,94,1050,Washington County,PATRICK HENRY HIGH,GLADE SPRING,36.7762823,-81.8147326,115,102,95,50,48,45,41,52,47,62,56,51,49,44,42,34.78
304,7,96,1000,Wise County,CENTRAL HIGH,NORTON,36.9549332,-82.5990372,157,173,167,86,85,114,112,90,85,90,84,83,77,82,78,55.06
305,7,96,652,Wise County,EASTSIDE HIGH,ST. PAUL,36.94586,-82.4683842,98,105,109,60,54,57,53,54,51,46,45,39,35,29,28,55.1
306,7,96,1010,Wise County,UNION HIGH,BIG STONE GAP,36.8792223,-82.7381701,157,178,178,72,71,93,91,75,69,82,78,64,58,77,74,61.25
307,7,97,760,Wythe County,FORT CHISWELL HIGH,MAX MEADOWS,36.9297397,-80.9391577,112,130,126,62,60,63,61,94,91,62,58,53,51,50,45,36.61
308,7,97,721,Wythe County,GEORGE WYTHE HIGH,WYTHEVILLE,36.9412456,-81.10247,94,102,120,56,53,55,51,73,68,73,67,65,61,64,61,42.55
309,7,97,202,Wythe County,RURAL RETREAT HIGH,RURAL RETREAT,36.8953151,-81.2694661,75,87,96,47,46,63,61,64,60,47,43,51,46,45,43,36
310,8,4,10,Amelia County,AMELIA COUNTY HIGH,AMELIA COURT HOUSE,37.3312411,-77.9877156,128,144,133,58,54,89,86,73,69,74,70,59,55,60,57,37.5
311,8,6,260,Appomattox County,APPOMATTOX COUNTY HIGH,APPOMATTOX,37.3447744,-78.8256996,150,185,181,43,42,63,59,77,73,88,82,75,68,78,74,38
312,8,13,650,Brunswick County,BRUNSWICK HIGH,LAWRENCEVILLE,36.7684101,-77.829023,124,105,111,52,47,36,31,48,39,51,44,55,49,44,41,62.19
313,8,15,700,Buckingham County,BUCKINGHAM COUNTY HIGH,BUCKINGHAM,37.535715,-78.502401,139,124,121,60,60,65,60,64,63,69,63,69,66,79,72,47.48
314,8,20,460,Charlotte County,RANDOLPH-HENRY HIGH,CHARLOTTE COURT HOUSE,37.05331,-78.64793,108,115,148,54,52,62,60,77,74,59,56,60,53,73,70,46.3
315,8,25,151,Cumberland County,CUMBERLAND HIGH,CUMBERLAND,37.4910154,-78.2468916,106,107,95,43,41,46,39,50,45,50,48,53,49,54,47,67.92
316,8,40,200,Greensville County,GREENSVILLE COUNTY HIGH,EMPORIA,36.6798602,-77.5528583,149,175,186,59,54,63,57,78,72,85,78,64,59,72,66,53.69
317,8,41,10,Halifax County,HALIFAX COUNTY HIGH,SOUTH BOSTON,36.7309802,-78.9087562,340,339,363,136,127,140,138,161,149,155,143,148,133,158,146,46.18
318,8,55,560,Lunenburg County,CENTRAL HIGH,VICTORIA,36.9850031,-78.2159615,107,110,84,34,32,36,34,36,34,53,47,47,45,48,45,51.4
319,8,58,980,Mecklenburg County,BLUESTONE  HIGH,SKIPWITH,36.7054767,-78.4962415,133,113,123,61,60,65,64,44,41,45,41,49,47,68,64,57.89
320,8,58,990,Mecklenburg County,PARK VIEW HIGH,SOUTH HILL,36.7030938,-78.1832508,160,195,184,85,80,99,94,82,72,73,66,75,69,78,71,53.16
321,8,67,301,Nottoway County,NOTTOWAY HIGH,CREWE,37.122988,-78.0653714,130,125,123,49,45,63,59,62,55,62,58,59,52,60,58,36.92
322,8,73,400,Prince Edward County,PRINCE EDWARD COUNTY HIGH,FARMVILLE,37.2663902,-78.3993937,123,142,141,54,48,65,60,68,63,75,67,78,72,72,68,50.41
