"","Region","Distract Number","School Number","Division Name","SCHOOL","LOCATION","EL12","AA12","DIS12","LAT","LONG","POP12.2019","POP12.2018","POP12.2017","SUBMIT20","COMPLETE20","SUBMIT19","COMPLETE19","SUBMIT18","COMPLETE18","SUBMIT17","COMPLETE17","SUBMIT16","COMPLETE16","SUBMIT15","COMPLETE15","PERDISADV12.2019"
"1",2,1,540,"Accomack County","ARCADIA HIGH","OAK HALL","11","63","64.998000000000005",37.9252989,-75.5499049,157,154,125,66,60,56,55,57,54,"57","51","51","47","58","54","41.4"
"2",2,1,580,"Accomack County","CHINCOTEAGUE HIGH","CHINCOTEAGUE","NA","6","14.999000000000001",37.9435111,-75.3640768,53,43,40,29,27,22,22,28,28,"23","20","24","24","17","16","28.3"
"3",2,1,70,"Accomack County","NANDUA HIGH","ONLEY","<10","NA","53.340800000000002",37.6789392,-75.7257009,158,196,163,59,57,85,79,69,65,"61","55","72","66","64","61","33.76"
"4",2,1,530,"Accomack County","TANGIER COMBINED","TANGIER","NA","68","NA",37.82739,-75.99376,1,4,5,4,4,4,4,6,6,"4","4","NA","NA","NA","NA","NA"
"5",5,2,880,"Albemarle County","ALBEMARLE HIGH","CHARLOTTESVILLE","37","78","126",38.0749759,-78.5002245,500,491,525,299,286,276,270,261,245,"267","253","228","210","246","235","25.2"
"6",5,2,1052,"Albemarle County","MONTICELLO HIGH","CHARLOTTESVILLE","13","28","73.816599999999994",37.9989866,-78.4895468,286,287,257,129,126,155,150,131,119,"149","142","134","124","144","130","25.81"
"7",5,2,890,"Albemarle County","MURRAY HIGH","CHARLOTTESVILLE","NA","3","NA",38.04056,-78.48282,21,35,24,5,5,11,11,4,4,"7","6","4","4","7","6","NA"
"8",5,2,140,"Albemarle County","WESTERN ALBEMARLE HIGH","CROZET","NA","4","38.006399999999999",38.047229,-78.7072274,296,270,284,174,172,165,164,164,160,"149","141","152","144","142","134","12.84"
"9",4,101,210,"Alexandria City","TC WILLIAMS HIGH","ALEXANDRIA","227","290","648.04539999999997",38.8236629,-77.0844451,971,902,864,520,495,515,483,530,506,"459","415","445","414","469","440","66.739999999999995"
"10",6,3,310,"Alleghany County","ALLEGHANY HIGH","COVINGTON","NA","7","59.000599999999991",37.7888953,-79.9084564,157,190,195,72,71,94,86,112,104,"108","103","112","104","124","121","37.58"
"11",8,4,10,"Amelia County","AMELIA COUNTY HIGH","AMELIA COURT HOUSE","<10","28","48",37.3312411,-77.9877156,128,144,133,58,54,89,86,73,69,"74","70","59","55","60","57","37.5"
"12",5,5,750,"Amherst County","AMHERST COUNTY HIGH","AMHERST","<10","65","116.00460000000001",37.5701083,-79.0585912,289,263,311,104,95,99,96,110,98,"128","117","113","106","105","95","40.14"
"13",8,6,260,"Appomattox County","APPOMATTOX COUNTY HIGH","APPOMATTOX","NA","38","57",37.3447744,-78.8256996,150,185,181,43,42,63,59,77,73,"88","82","75","68","78","74","38"
"14",4,7,450,"Arlington County","WAKEFIELD HIGH","ARLINGTON","98","109","205.99900000000002",38.8477401,-77.1117173,565,545,523,264,255,264,249,277,248,"231","218","205","174","208","187","36.46"
"15",4,7,80,"Arlington County","WASHINGTON-LIBERTY HIGH","ARLINGTON","85","51","152.02799999999999",38.88701,-77.11089,615,680,585,341,320,359,347,324,306,"350","328","296","268","239","226","24.72"
"16",4,7,330,"Arlington County","YORKTOWN HIGH","ARLINGTON",NA,"40","56.015100000000004",38.9029163,-77.1392821,571,536,509,288,276,286,281,271,256,"254","247","259","246","290","279","9.81"
"17",5,8,660,"Augusta County","BUFFALO GAP HIGH","SWOOPE","25","NA","38.003",38.1941234,-79.2180631,122,113,119,51,46,50,47,59,56,"66","63","54","51","53","53","31.15"
"18",5,8,670,"Augusta County","FORT DEFINACE HIGH","FORT DEFIANCE","<10","2","44.004600000000003",38.2472911,-78.9738958,174,196,183,70,64,86,83,86,83,"99","92","85","80","77","73","25.29"
"19",5,8,680,"Augusta County","RIVERHEADS HIGH","STAUNTON","NA","3","32.001599999999996",38.0325604,-79.139328,113,115,107,46,44,57,56,61,58,"51","47","54","53","66","63","28.32"
"20",5,8,730,"Augusta County","STUARTS DRAFT HIGH","STUARTS DRAFT","NA","3","46.311700000000002",38.0466411,-79.0127649,151,168,171,66,65,89,85,97,93,"75","71","85","78","75","72","30.67"
"21",5,8,720,"Augusta County","WILSON MEMORIAL HIGH","FISHERSVILLE","<10","11","54.2774",38.1224041,-78.9856919,202,177,196,96,90,84,82,106,100,"79","73","84","78","94","93","26.87"
"22",5,9,140,"Bath County","BATH COUNTY HIGH","HOT SPRINGS","NA","2","NA",38.0340091,-79.7947539,31,45,47,18,18,28,26,32,32,"37","34","38","34","28","25","NA"
"23",5,10,1212,"Bedford County","JEFFERSON FOREST HIGH","FOREST","NA","20","52.000100000000003",37.3759918,-79.303512,331,351,331,156,155,167,164,140,136,"157","154","169","160","177","173","15.71"
"24",5,10,1180,"Bedford County","LIBERTY HIGH","BEDFORD","NA","22","56.771999999999998",37.3718966,-79.497306,190,201,216,60,58,80,78,80,71,"71","67","85","74","76","67","29.88"
"25",5,10,1190,"Bedford County","STAUNTON RIVER HIGH","MONETA","<10","11","103.99560000000001",37.2412023,-79.622751,237,220,254,63,60,79,74,84,74,"85","80","90","81","70","67","43.88"
"26",7,11,260,"Bland County","BLAND COUNTY HIGH","ROCKY GAP","NA","NA","17.001000000000001",37.24103,-81.10966,45,71,62,28,25,46,45,37,37,"20","18","19","18","41","36","37.78"
"27",6,12,430,"Botetourt County","JAMES RIVER HIGH","BUCHANAN","<10","NA","24.002399999999998",37.5468429,-79.7257825,137,141,133,73,71,102,98,95,91,"86","79","85","79","99","95","17.52"
"28",6,12,440,"Botetourt County","LORD BOTETOURT HIGH","DALEVILLE","<10","7","36.991999999999997",37.4054993,-79.9148434,272,239,246,171,166,150,148,157,152,"151","141","167","159","132","126","13.6"
"29",7,102,80,"Bristol City","VIRGINIA HIGH","BRISTOL","NA","4","90.997500000000002",36.6142894,-82.179959,165,176,159,89,86,82,79,92,85,"81","76","65","61","89","86","55.15"
"30",8,13,650,"Brunswick County","BRUNSWICK HIGH","LAWRENCEVILLE","NA","95","77.115600000000001",36.7684101,-77.829023,124,105,111,52,47,36,31,48,39,"51","44","55","49","44","41","62.19"
"31",7,14,1000,"Buchanan County","COUNCIL HIGH","HONAKER","NA","NA","14.000399999999999",37.08192,-82.07919,18,34,21,8,8,24,24,15,15,"15","13","13","11","15","14","77.78"
"32",7,14,990,"Buchanan County","GRUNDY HIGH","GRUNDY","<10","NA","64.004199999999997",37.2832764,-82.0614375,103,106,103,46,43,51,48,55,52,"61","57","42","40","63","55","62.14"
"33",7,14,1020,"Buchanan County","HURLEY HIGH","HURLEY","NA","NA","27.999899999999997",37.3800584,-82.0005726,53,39,40,19,19,16,15,16,14,"18","16","16","14","24","22","52.83"
"34",7,14,1042,"Buchanan County","TWIN VALLEY HIGH","PILGRIMS KNOB","NA","NA","27.001800000000003",37.2402094,-81.9138613,42,35,50,22,21,22,20,22,21,"28","28","21","19","26","26","64.290000000000006"
"35",8,15,700,"Buckingham County","BUCKINGHAM COUNTY HIGH","BUCKINGHAM","<10","46","65.997199999999992",37.535715,-78.502401,139,124,121,60,60,65,60,64,63,"69","63","69","66","79","72","47.48"
"36",5,103,62,"Buena Vista City","PARRY MCCLUER HIGH","BUENA VISTA","NA","3","19.003",37.7186786,-79.3587426,62,100,59,21,21,57,55,32,29,"46","44","25","25","34","33","30.65"
"37",5,16,200,"Campbell County","ALTAVISTA HIGH","ALTAVISTA","NA","19","37.001399999999997",37.1095512,-79.2959421,83,76,86,21,19,26,25,38,37,"42","42","44","40","53","47","44.58"
"38",5,16,720,"Campbell County","BROOKVILLE HIGH","LYNCHBURG","<10","28","63.990500000000004",37.3457541,-79.2355284,235,241,234,88,84,94,91,107,99,"107","102","93","88","109","102","27.23"
"39",5,16,222,"Campbell County","RUSTBURG HIGH","RUSTBURG","<10","32","86.006599999999992",37.2763691,-79.0848937,214,205,230,80,77,67,64,93,84,"77","71","82","74","69","68","40.19"
"40",5,16,542,"Campbell County","WILLIAM CAMPBELL HIGH","NARUNA","NA","18","32.998400000000004",37.1129266,-79.0071084,64,71,58,27,25,30,28,29,28,"28","27","36","31","31","27","51.56"
"41",3,17,460,"Caroline County","CAROLINE HIGH","MILFORD","<10","92","127.0052",38.0004154,-77.4147105,268,276,277,123,115,109,104,127,117,"120","107","107","100","90","80","47.39"
"42",7,18,1230,"Carroll County","CARROLL COUNTY HIGH","HILLSVILLE","<10","NA","110.9919",36.7633838,-80.7248998,267,272,274,104,100,97,95,101,93,"103","95","96","89","115","111","41.57"
"43",1,19,100,"Charles City County","CHARLES CITY CO HIGH","CHARLES CITY","NA","28","20.000799999999998",37.3509449,-77.0759547,46,45,44,18,18,19,18,22,21,"43","42","27","26","28","27","43.48"
"44",8,20,460,"Charlotte County","RANDOLPH-HENRY HIGH","CHARLOTTE COURT HOUSE",NA,"29","50.003999999999998",37.05331,-78.64793,108,115,148,54,52,62,60,77,74,"59","56","60","53","73","70","46.3"
"45",5,104,140,"Charlottesville City","CHARLOTTESVILLE HIGH","CHARLOTTESVILLE","12","83","91.005200000000002",38.0524009,-78.4761783,286,264,265,164,157,153,148,173,163,"160","152","132","122","150","142","31.82"
"46",2,136,100,"Chesapeake City","DEEP CREEK HIGH","CHESAPEAKE","<10","130","157.9854",36.7549431,-76.352309,358,362,369,181,173,226,217,235,229,"202","191","180","171","190","181","44.13"
"47",2,136,960,"Chesapeake City","GRASSFIELD HIGH","CHESAPEAKE","<10","78","66.997",36.7138176,-76.3190925,563,558,508,300,289,330,321,344,327,"269","265","300","285","245","240","11.9"
"48",2,136,120,"Chesapeake City","GREAT BRIDGE HIGH","CHESAPEAKE","<10","82","83.996999999999986",36.6886596,-76.2401676,366,340,352,174,170,219,212,219,213,"185","174","185","174","225","215","22.95"
"49",2,136,890,"Chesapeake City","HICKORY HIGH","CHESAPEAKE","<10","40","36.979199999999999",36.648692,-76.216267,428,414,444,221,211,221,219,251,240,"236","226","230","222","249","238","8.64"
"50",2,136,830,"Chesapeake City","INDIAN RIVER HIGH","CHESAPEAKE","<10","225","183.98489999999998",36.7969812,-76.2415753,439,368,332,185,177,208,201,190,178,"201","185","202","183","193","182","41.91"
"51",2,136,80,"Chesapeake City","OSCAR F SMITH HIGH","CHESAPEAKE","<10","302","296.005",36.7402457,-76.2564033,530,467,498,238,224,250,233,262,246,"249","226","257","244","282","267","55.85"
"52",2,136,840,"Chesapeake City","WESTERN BRANCH HIGH","CHESAPEAKE","<10","205","141.01499999999999",36.848105,-76.4071428,510,510,530,256,246,259,246,278,252,"278","264","249","237","247","232","27.65"
"53",1,21,30,"Chesterfield County","CARVER COLLEGE AND CAREER ACADEMY","CHESTER","<10","44","68.996199999999988",37.3484421,-77.4725573,91,79,80,26,25,28,24,31,25,"25","18","20","14","22","21","75.819999999999993"
"54",1,21,740,"Chesterfield County","CLOVER HILL HIGH","MIDLOTHIAN","<10","88","148.30370000000002",37.4479115,-77.6398735,461,475,507,279,274,266,261,290,273,"289","267","235","220","245","237","32.17"
"55",1,21,840,"Chesterfield County","COSBY HIGH","MIDLOTHIAN","<10","86","92.02",37.40342,-77.69895,535,600,491,319,313,376,368,317,301,"334","325","294","278","299","288","17.2"
"56",1,21,770,"Chesterfield County","JAMES RIVER HIGH","MIDLOTHIAN","41","64","112.14280000000001",37.552284,-77.649329,484,516,505,243,233,229,224,254,241,"276","262","231","210","237","227","23.17"
"57",1,21,10,"Chesterfield County","LLOYD C BIRD HIGH","CHESTERFIELD","13","175","235.02079999999998",37.3886526,-77.4947533,427,463,459,175,163,206,196,209,192,"182","164","183","170","174","157","55.04"
"58",1,21,632,"Chesterfield County","MANCHESTER HIGH","MIDLOTHIAN","<10","132","194.38510000000002",37.4069102,-77.6231473,521,514,484,238,223,239,231,246,231,"265","251","243","235","178","174","37.31"
"59",1,21,530,"Chesterfield County","MATOACA HIGH","CHESTERFIELD","<10","154","168.00959999999998",37.2771769,-77.468062,407,445,435,179,169,217,214,225,212,"209","195","201","183","208","193","41.28"
"60",1,21,580,"Chesterfield County","MEADOWBROOK HIGH","RICHMOND","88","215","330.29239999999999",37.4354762,-77.4832748,433,384,382,145,133,143,134,184,164,"171","153","141","131","148","137","76.28"
"61",1,21,320,"Chesterfield County","MIDLOTHIAN HIGH","MIDLOTHIAN","<10","37","59.152999999999999",37.4961717,-77.6603289,397,450,399,237,233,268,261,238,226,"230","222","210","198","214","204","14.9"
"62",1,21,280,"Chesterfield County","MONACAN HIGH","RICHMOND","<10","116","130.00479999999999",37.4791091,-77.6133651,386,361,351,202,187,196,191,187,180,"216","206","171","157","161","151","33.68"
"63",1,21,610,"Chesterfield County","THOMAS DALE HIGH","CHESTER","25","182","258.97399999999999",37.3588353,-77.4405616,620,562,587,311,299,295,288,313,296,"312","293","276","258","263","248","41.77"
"64",4,22,10,"Clarke County","CLARKE COUNTY HIGH","BERRYVILLE","<10","2","28.005600000000005",39.1620467,-77.9949507,168,181,156,77,76,106,103,79,77,"108","100","104","97","76","74","16.670000000000002"
"65",3,202,21,"Colonial Beach","COLONIAL BEACH HIGH","COLONIAL BEACH","NA","9","17.0015",38.25769,-76.96898,37,46,44,30,26,27,24,30,26,"27","24","24","22","21","20","45.95"
"66",1,106,40,"Colonial Heights City","COLONIAL HEIGHTS HIGH","COLONIAL HEIGHTS","<10","38","96.000399999999985",37.268127,-77.39151,214,225,199,279,274,266,261,126,114,"143","135","124","117","121","112","44.86"
"67",6,107,350,"Covington City","COVINGTON HIGH","COVINGTON","NA","11","32.998400000000004",37.7840569,-79.9915868,64,80,65,34,33,45,39,34,33,"36","35","33","33","33","33","51.56"
"68",6,23,11,"Craig County","CRAIG COUNTY HIGH","NEW CASTLE","NA","NA","18.997499999999999",37.5157511,-80.0847101,51,56,65,21,21,26,25,41,40,"25","24","25","22","29","28","37.25"
"69",4,24,480,"Culpeper County","CULPEPER COUNTY HIGH","CULPEPER","<10","32","77.997399999999999",38.4942925,-77.9868418,262,296,300,129,121,123,118,126,116,"125","117","101","95","118","109","29.77"
"70",4,24,50,"Culpeper County","EASTERN VIEW HIGH","CULPEPER","11","47","103.994",38.47506,-77.94739,319,301,328,158,153,109,103,138,127,"133","122","118","112","121","112","32.6"
"71",8,25,151,"Cumberland County","CUMBERLAND HIGH","CUMBERLAND","<10","42","71.995200000000011",37.4910154,-78.2468916,106,107,95,43,41,46,39,50,45,"50","48","53","49","54","47","67.92"
"72",6,108,1374,"Danville City","GALILEO MAGNET HIGH","DANVILLE","<10","32","27",36.58471,-79.39378,72,63,58,52,47,54,54,37,35,"39","39","38","37","27","23","37.5"
"73",6,108,210,"Danville City","GEORGE WASHINGTON HIGH","DANVILLE","<10","210","123.99529999999999",36.5857022,-79.4123554,299,221,207,103,93,117,108,150,138,"140","134","142","128","150","135","41.47"
"74",7,26,275,"Dickenson County","RIDGEVIEW HIGH","CLINTWOOD","NA","NA","37.003700000000002",37.13374,-82.3875,137,134,148,69,64,79,76,77,71,"28","25","39","35","4","4","27.01"
"75",1,27,500,"Dinwiddie County","DINWIDDIE HIGH","DINWIDDIE","<10","125","146.98650000000001",37.1138337,-77.5828966,327,302,315,152,148,119,115,157,136,"143","126","128","112","124","119","44.95"
"76",3,28,10,"Essex County","ESSEX HIGH","TAPPAHANNOCK","<10","45","55.004600000000003",37.9239309,-76.8743076,101,95,123,38,36,46,42,60,53,"39","36","52","47","46","43","54.46"
"77",4,29,660,"Fairfax County","ANNANDALE HIGH","ANNANDALE","120","80","254.97630000000001",38.8222822,-77.2076386,491,546,499,262,251,278,264,261,239,"246","220","292","265","276","259","51.93"
"78",4,29,2201,"Fairfax County","BRYANT HIGH","ALEXANDRIA","59","27","68.004999999999995",38.76244,-77.07993,145,174,153,17,14,7,7,15,9,"21","18","6","4","14","10","46.9"
"79",4,29,200,"Fairfax County","CENTREVILLE HIGH","CLIFTON","52","74","160.00309999999999",38.8250526,-77.4109045,647,664,629,396,378,420,406,400,384,"362","344","352","335","358","341","24.73"
"80",4,29,131,"Fairfax County","CHANTILLY HIGH","CHANTILLY","45","57","113.0025",38.8805835,-77.4073358,741,732,720,473,461,463,450,415,397,"430","414","362","339","389","372","15.25"
"81",4,29,1270,"Fairfax County","EDISON HIGH","ALEXANDRIA","85","121","196.99370000000002",38.7827184,-77.1339066,563,491,457,275,266,258,244,267,250,"248","230","231","218","214","203","34.99"
"82",4,29,20,"Fairfax County","FAIRFAX HIGH","FAIRFAX","38","50","123.98880000000001",38.8598925,-77.2861676,624,566,578,176,173,225,216,322,311,"283","273","304","281","372","351","19.87"
"83",4,29,1100,"Fairfax County","FALLS CHURCH HIGH","FALLS CHURCH","84","38","225.47440000000003",38.8619112,-77.2063375,472,481,446,98,92,146,141,194,185,"171","160","174","158","159","147","47.77"
"84",4,29,1800,"Fairfax County","HAYFIELD SECONDARY","ALEXANDRIA","45","137","134.98779999999999",38.750849,-77.1432134,502,551,488,314,305,343,336,311,293,"290","278","288","275","293","279","26.89"
"85",4,29,32,"Fairfax County","HERNDON HIGH","HERNDON","92","40","183.99160000000001",38.9861238,-77.3749377,533,530,489,287,276,268,261,297,285,"250","235","245","230","255","239","34.520000000000003"
"86",4,29,1070,"Fairfax County","JUSTICE HIGH","FALLS CHURCH","151","48","282.01679999999999",38.8568,-77.14946,524,477,449,281,263,259,242,270,247,"247","227","227","206","215","197","53.82"
"87",4,29,90,"Fairfax County","LAKE BRADDOCK SECONDARY","BURKE","32","55","111.99760000000001",38.803391,-77.265172,712,730,718,470,461,455,442,481,463,"453","435","404","391","385","365","15.73"
"88",4,29,1460,"Fairfax County","LANGLEY HIGH","MCLEAN","10","7","14.981599999999998",38.95126,-77.16468,488,479,501,258,252,262,254,244,236,"243","235","198","185","201","188","3.07"
"89",4,29,1020,"Fairfax County","LEE HIGH","SPRINGFIELD","91","48","210.05280000000002",38.779857,-77.169821,464,437,408,235,226,227,218,231,215,"207","199","224","212","240","223","45.27"
"90",4,29,1060,"Fairfax County","MADISON HIGH","VIENNA","27","9","60.003900000000002",38.8964568,-77.2785044,551,538,570,345,340,345,340,328,317,"276","260","255","239","250","236","10.89"
"91",4,29,1290,"Fairfax County","MARSHALL HIGH","FALLS CHURCH","47","29","92.019400000000005",38.905904,-77.2123123,554,592,525,324,312,347,338,281,267,"287","273","218","201","197","185","16.61"
"92",4,29,790,"Fairfax County","MCLEAN HIGH","MCLEAN","21","20","42.025600000000004",38.923381,-77.185141,571,546,507,362,355,339,330,262,255,"298","287","285","267","253","241","7.36"
"93",4,29,420,"Fairfax County","MOUNT VERNON HIGH","ALEXANDRIA","90","129","216.00060000000002",38.7266329,-77.0927247,471,543,490,185,179,208,193,215,195,"199","182","193","175","204","190","45.86"
"94",4,29,2211,"Fairfax County","MOUNTAIN VIEW HIGH","CENTREVILLE","62","17","22.1265",38.83718,-77.42406,149,145,159,19,15,7,7,24,18,"22","20","17","12","21","21","14.85"
"95",4,29,1710,"Fairfax County","OAKTON HIGH","VIENNA","42","36","86.117500000000007",38.8773783,-77.2825465,665,687,595,409,395,420,419,377,352,"350","338","302","290","270","256","12.95"
"96",4,29,1960,"Fairfax County","ROBINSON SECONDARY","FAIRFAX","18","38","69.018399999999986",38.8171111,-77.3048881,682,646,726,438,433,439,429,434,415,"465","449","393","377","466","443","10.119999999999999"
"97",4,29,2241,"Fairfax County","SOUTH COUNTY HIGH","LORTON","26","113","99.023399999999995",38.7174282,-77.2385395,542,578,583,331,323,381,375,339,321,"329","306","296","282","245","232","18.27"
"98",4,29,1990,"Fairfax County","SOUTH LAKES HIGH","RESTON","55","72","148.02629999999999",38.9321389,-77.3394418,601,615,601,343,337,340,329,344,330,"354","341","292","274","317","303","24.63"
"99",4,29,1371,"Fairfax County","THOMAS JEFFERSON HIGH","ALEXANDRIA","NA","7","169.7133",38.8185123,-77.1687535,443,425,433,364,362,337,335,345,342,"341","337","321","308","291","285","38.31"
"100",4,29,900,"Fairfax County","WEST POTOMAC HIGH","ALEXANDRIA","88","123","249.99599999999998",38.7743791,-77.0718216,664,591,628,181,175,229,221,310,297,"289","269","224","208","250","236","37.65"
"101",4,29,1610,"Fairfax County","WEST SPRINGFIELD HIGH","SPRINGFIELD","15","57","73.003199999999993",38.786203,-77.2403357,536,556,554,360,355,358,355,351,331,"337","327","330","312","362","344","13.62"
"102",4,29,2228,"Fairfax County","WESTFIELD HIGH","CHANTILLY","59","88","149.00409999999999",38.8850473,-77.4642814,647,680,621,413,399,384,379,359,346,"401","385","321","304","371","354","23.03"
"103",4,29,1260,"Fairfax County","WOODSON HIGH","FAIRFAX","28","25","61.104000000000006",38.8402362,-77.275978,570,612,665,357,348,402,396,426,405,"363","348","339","319","315","307","10.72"
"104",4,109,251,"Falls Church City","GEORGE MASON HIGH","FALLS CHURCH","<10","11","16.004999999999999",38.8965952,-77.1914022,194,208,206,124,115,138,137,150,144,"132","128","113","107","105","102","8.25"
"105",4,30,701,"Fauquier County","FAUQUIER HIGH","WARRENTON","10","33","55.998800000000003",38.7202697,-77.8150169,356,348,338,175,169,154,146,168,161,"149","136","145","138","142","138","15.73"
"106",4,30,510,"Fauquier County","KETTLE RUN HIGH SCH","NOKESVILLE","<10","20","32.003999999999998",38.73245,-77.68104,315,311,312,152,146,162,155,161,155,"177","167","160","148","142","138","10.16"
"107",4,30,851,"Fauquier County","LIBERTY HIGH","BEALETON","16","34","148.48560000000001",36.9089206,-80.3078833,328,321,336,137,131,141,137,123,115,"126","113","98","86","123","114","45.27"
"108",6,31,660,"Floyd County","FLOYD COUNTY HIGH","FLOYD","<10","3","54.353399999999993",36.9089206,-80.3078833,157,157,190,95,95,100,97,115,108,"94","92","71","63","73","70","34.619999999999997"
"109",5,32,260,"Fluvanna County","FLUVANNA COUNTY HIGH","PALMYRA","NA","46","73.012800000000013",37.8722192,-78.2987307,287,257,266,174,173,126,120,147,140,"137","130","143","130","145","139","25.44"
"110",2,135,20,"Franklin City","FRANKLIN HIGH","FRANKLIN","<10","58","37.9983",36.6915818,-76.9477963,69,73,64,35,35,36,33,41,35,"34","33","34","30","40","36","55.07"
"111",6,33,1311,"Franklin County","FRANKLIN COUNTY HIGH","ROCKY MOUNT","NA","39","172.01080000000002",37.0038712,-79.8779834,494,518,480,257,246,289,281,274,256,"279","260","265","243","276","262","34.82"
"112",4,34,30,"Frederick County","JAMES WOOD HIGH","WINCHESTER","<10","10","79.241399999999999",39.2145511,-78.18269,342,301,327,147,142,136,132,141,134,"150","143","143","129","150","147","23.17"
"113",4,34,584,"Frederick County","MILLBROOK HIGH","WINCHESTER","23","20","112.0025",39.1912949,-78.115178,355,347,363,145,140,146,138,180,160,"168","162","130","115","138","129","31.55"
"114",4,34,581,"Frederick County","SHERANDO HIGH","STEPHENS CITY","<10","16","83.988299999999995",39.0748168,-78.1927787,341,393,375,135,130,161,158,186,177,"188","176","155","146","164","151","24.63"
"115",3,110,40,"Fredericksburg City","JAMES MONROE HIGH","FREDERICKSBURG","10","85","114.9984",38.3112017,-77.4751219,242,240,231,137,125,114,110,113,105,"92","79","121","108","90","82","47.52"
"116",7,111,31,"Galax City","GALAX HIGH","GALAX","11","6","50.996400000000001",36.6546001,-80.9243246,91,98,84,52,50,47,41,51,42,"54","49","52","47","65","57","56.04"
"117",7,35,461,"Giles County","GILES HIGH","PEARISBURG","<10","NA","36.993600000000001",37.3277996,-80.7045485,112,134,126,70,69,69,67,68,59,"88","83","67","65","73","70","33.03"
"118",7,35,470,"Giles County","NARROWS HIGH","NARROWS","NA","NA","30.0015",37.3376918,-80.8043575,59,78,71,35,32,38,36,43,38,"28","28","33","33","36","34","50.85"
"119",3,36,260,"Gloucester County","GLOUCESTER HIGH","GLOUCESTER","<10","30","152.00400000000002",37.3818445,-76.5251587,424,390,466,168,162,174,167,157,144,"176","166","142","129","152","141","35.85"
"120",1,37,220,"Goochland County","GOOCHLAND HIGH","GOOCHLAND","<10","38","30.998100000000001",37.6998177,-77.8969823,203,224,199,116,113,106,101,97,89,"113","104","111","100","98","94","15.27"
"121",7,38,421,"Grayson County","GRAYSON COUNTY HIGH","INDEPENDENCE","NA","3","56.005000000000003",36.6213372,-81.146822,115,110,121,63,62,48,46,59,55,"57","53","62","57","69","67","48.7"
"122",5,39,72,"Greene County","WILLIAM MONROE HIGH","STANARDSVILLE","NA","11","63.9968",38.2956646,-78.442656,224,222,219,127,120,116,114,115,112,"147","144","109","103","130","123","28.57"
"123",8,40,200,"Greensville County","GREENSVILLE COUNTY HIGH","EMPORIA","<10","102","79.998099999999994",36.6798602,-77.5528583,149,175,186,59,54,63,57,78,72,"85","78","64","59","72","66","53.69"
"124",8,41,10,"Halifax County","HALIFAX COUNTY HIGH","SOUTH BOSTON","<10","150","157.012",36.7309802,-78.9087562,340,339,363,136,127,140,138,161,149,"155","143","148","133","158","146","46.18"
"125",2,112,430,"Hampton City","BETHEL HIGH","HAMPTON","<10","NA","112.01199999999999",37.0533984,-76.4293959,328,363,357,175,164,169,158,189,177,"187","172","189","170","168","156","34.15"
"126",2,112,280,"Hampton City","HAMPTON HIGH","HAMPTON","<10","241","128.9873",37.0238426,-76.382332,313,299,255,142,136,161,147,155,132,"189","177","170","144","162","142","41.21"
"127",2,112,320,"Hampton City","KECOUGHTAN HIGH","HAMPTON","NA","151","105.98399999999999",37.0543843,-76.3181378,368,369,391,177,171,187,177,222,208,"205","189","166","156","191","179","28.8"
"128",2,112,50,"Hampton City","PHOEBUS HIGH","HAMPTON","NA","121","84.004799999999989",37.0340589,-76.3168331,176,220,218,69,66,107,100,99,88,"111","97","115","103","96","90","47.73"
"129",1,42,62,"Hanover County","ATLEE HIGH","MECHANICSVILLE","<10","36","35.991000000000007",37.6646102,-77.4104878,387,428,399,234,232,243,238,240,234,"282","276","264","251","231","218","9.3000000000000007"
"130",1,42,554,"Hanover County","HANOVER HIGH","MECHANICSVILLE","<10","31","32.992000000000004",37.688381,-77.3847555,320,344,336,177,176,206,202,190,177,"193","182","170","157","154","147","10.31"
"131",1,42,370,"Hanover County","LEE DAVIS HIGH","MECHANICSVILLE","NA","25","63.983400000000003",37.612744,-77.3404205,338,376,390,163,158,180,178,208,200,"180","174","194","181","198","190","18.93"
"132",1,42,400,"Hanover County","PATRICK HENRY HIGH","ASHLAND","<10","42","92.0124",37.7856891,-77.5340724,366,332,350,190,183,179,174,195,186,"198","192","179","172","165","159","25.14"
"133",5,113,12,"Harrisonburg City","HARRISONBURG HIGH","HARRISONBURG","<10","62","301.01219999999995",38.4426144,-78.9099879,459,459,458,229,218,242,229,254,235,"211","183","148","135","183","167","65.58"
"134",1,43,160,"Henrico County","DEEP RUN HIGH","GLEN ALLEN","<10","29","28.015099999999997",37.6756382,-77.5996397,433,472,471,248,243,283,276,294,284,"246","236","248","237","214","206","6.47"
"135",1,43,410,"Henrico County","DOUGLAS S. FREEMAN HIGH","RICHMOND","24","46","128.0136",37.59557,-77.53397,429,445,433,223,216,245,238,229,214,"229","217","226","207","216","205","29.84"
"136",1,43,96,"Henrico County","GLEN ALLEN HIGH","GLEN ALLEN","12","80","96.00569999999999",37.66726,-77.53385,441,433,450,257,251,266,259,324,303,"276","263","260","241","248","238","21.77"
"137",1,43,610,"Henrico County","HENRICO HIGH","RICHMOND","<10","270","196.98649999999998",37.603757,-77.4329945,395,407,402,208,201,223,217,232,218,"261","237","228","212","185","167","49.87"
"138",1,43,670,"Henrico County","HERMITAGE HIGH","RICHMOND","25","177","212.98950000000002",37.632824,-77.517171,405,348,391,183,177,160,147,218,201,"187","168","205","187","201","181","52.59"
"139",1,43,190,"Henrico County","HIGHLAND SPRINGS HIGH","HIGHLAND SPRINGS","<10","325","244.01649999999998",37.5398308,-77.3241416,403,383,409,173,164,182,170,203,182,"247","225","179","162","180","171","60.55"
"140",1,43,600,"Henrico County","JOHN RANDOLPH TUCKER HIGH","RICHMOND","32","113","174.0154",37.62934,-77.549,403,410,442,213,205,209,200,259,241,"217","200","197","184","172","164","43.18"
"141",1,43,140,"Henrico County","MILLS E. GODWIN HIGH","RICHMOND","13","45","82.977599999999981",37.61978,-77.60384,472,500,452,272,266,310,308,268,256,"277","265","268","247","242","234","17.579999999999998"
"142",1,43,580,"Henrico County","VARINA HIGH","RICHMOND","<10","274","198.0016",37.4727103,-77.3768613,376,342,386,164,153,176,165,193,167,"187","175","194","176","185","171","52.66"
"143",6,44,10,"Henry County","BASSETT HIGH","BASSETT","<10","50","129.976",36.7303796,-79.9572657,280,254,268,157,147,141,136,205,194,"172","153","144","127","134","130","46.42"
"144",6,44,20,"Henry County","MAGNA VISTA HIGH","RIDGEWAY","10","61","80.78070000000001",36.5932212,-79.8902124,269,240,260,120,117,99,93,146,140,"126","116","111","98","103","94","30.03"
"145",5,45,220,"Highland County","HIGHLAND HIGH","MONTEREY","NA","NA","13",38.40723,-79.57905,16,14,12,6,6,11,11,5,4,"5","5","10","10","4","4","81.25"
"146",1,114,120,"Hopewell City","HOPEWELL HIGH","HOPEWELL","<10","151","100.9944",37.2899315,-77.3150379,249,257,253,101,93,115,109,114,105,"125","114","107","92","118","106","40.56"
"147",2,46,40,"Isle of Wight County","SMITHFIELD HIGH","SMITHFIELD","NA","80","74.995000000000005",36.9453037,-76.5986919,283,292,315,145,140,143,139,151,145,"158","146","123","117","138","137","26.5"
"148",2,46,250,"Isle of Wight County","WINDSOR HIGH","WINDSOR","NA","21","25.003",36.8106335,-76.7392849,110,137,113,54,50,63,62,53,49,"49","46","49","45","49","47","22.73"
"149",3,49,280,"King and Queen County","CENTRAL HIGH","KING AND QUEEN COURT HOUSE","NA","21","25.999899999999997",37.6743779,-76.8829122,37,34,30,26,25,18,18,16,13,"10","9","12","10","17","17","70.27"
"150",3,48,120,"King George County","KING GEORGE HIGH","KING GEORGE","<10","59","93.988800000000012",38.2765473,-77.1981488,321,320,322,120,115,138,134,151,143,"136","130","145","132","146","132","29.28"
"151",3,50,130,"King William County","KING WILLIAM HIGH","KING WILLIAM","<10","42","45.007200000000005",37.7421149,-77.1301604,188,170,152,68,64,63,61,56,52,"67","60","67","62","73","65","23.94"
"152",3,51,10,"Lancaster County","LANCASTER HIGH","LANCASTER","NA","47","50.996400000000001",37.7691731,-76.4568509,91,97,88,49,45,38,36,52,48,"43","40","49","44","43","40","56.04"
"153",7,52,300,"Lee County","LEE HIGH","JONESVILLE","<10","NA","74",36.7310425,-83.0888057,148,137,131,57,52,79,77,78,74,"74","72","74","69","79","77","50"
"154",7,52,880,"Lee County","THOMAS WALKER HIGH","EWING","NA","NA","18.000999999999998",36.6474876,-83.4082302,47,59,61,26,26,17,16,36,35,"19","18","23","20","30","27","38.299999999999997"
"155",4,53,420,"Loudoun County","BRIAR WOODS HIGH","ASHBURN","<10","49","24.987300000000001",38.9924911,-77.5309723,447,415,408,300,295,254,250,272,262,"234","221","292","280","287","276","5.59"
"156",4,53,740,"Loudoun County","BROAD RUN HIGH","ASHBURN","13","34","76.195499999999996",39.0227452,-77.4904783,395,413,381,221,218,258,251,242,235,"256","238","258","241","249","240","19.29"
"157",4,53,31,"Loudoun County","DOMINION HIGH","STERLING","39","28","130.9888",39.0262133,-77.3735847,422,370,394,234,223,203,194,226,209,"188","179","193","176","177","171","31.04"
"158",4,53,120,"Loudoun County","FREEDOM HIGH","SOUTH RIDING","<10","27","53.998000000000005",38.9131399,-77.5365047,490,468,429,344,335,329,325,284,276,"230","215","228","218","178","171","11.02"
"159",4,53,900,"Loudoun County","HERITAGE HIGH","LEESBURG","21","32","71.010199999999998",39.0842357,-77.5697537,359,364,352,218,203,209,205,223,209,"198","190","155","143","168","162","19.78"
"160",4,53,370,"Loudoun County","JOHN CHAMPE HIGH","ALDIE","15","65","79.001999999999995",38.93336,-77.56768,570,496,459,329,313,287,283,278,270,"220","210","191","183","152","146","13.86"
"161",4,53,660,"Loudoun County","LOUDOUN COUNTY HIGH","LEESBURG","32","18","79.999499999999998",39.076767,-77.6536125,401,344,390,221,211,167,165,202,193,"212","202","200","186","200","192","19.95"
"162",4,53,680,"Loudoun County","LOUDOUN VALLEY HIGH","PURCELLVILLE","19","13","27.086100000000002",39.1402175,-77.7021339,339,337,357,214,205,177,172,214,206,"208","202","188","180","173","169","7.99"
"163",4,53,60,"Loudoun County","PARK VIEW HIGH","STERLING","91","26","234.9924",39.0146237,-77.4007081,372,347,383,170,159,175,166,147,136,"158","142","140","129","147","133","63.17"
"164",4,53,140,"Loudoun County","POTOMAC FALLS HIGH","POTOMAC FALLS","18","23","88.005600000000001",39.0499603,-77.3937649,408,411,425,238,233,215,208,240,227,"224","212","211","198","192","187","21.57"
"165",4,53,1050,"Loudoun County","RIVERSIDE HIGH","LEESBURG","11","39","56.021599999999999",39.08956,-77.48838,478,377,307,287,280,221,219,188,176,"112","110","NA","NA","NA","NA","11.72"
"166",4,53,1060,"Loudoun County","ROCK RIDGE HIGH","ASHBURN","20","50","72.993200000000002",38.97652,-77.50449,524,508,396,344,337,315,307,271,257,"194","187","80","78","4","4","13.93"
"167",4,53,850,"Loudoun County","STONE BRIDGE HIGH","ASHBURN","11","32","45.021000000000001",39.0488313,-77.5087331,430,385,412,266,260,223,211,268,254,"280","270","264","256","240","228","10.47"
"168",4,53,200,"Loudoun County","TUSCARORA HIGH","LEESBURG","23","36","87.986399999999989",39.12823,-77.55547,366,388,340,199,195,227,222,186,177,"224","205","243","235","254","244","24.04"
"169",4,53,590,"Loudoun County","WOODGROVE HIGH","PURCELLVILLE","<10","15","35.010999999999996",39.15915,-77.73077,446,395,400,227,221,194,190,208,201,"208","198","187","181","220","208","7.85"
"170",5,54,602,"Louisa County","LOUISA COUNTY HIGH","MINERAL","<10","62","158.99400000000003",38.0175931,-77.9208521,365,344,385,143,140,157,146,211,199,"156","145","163","154","152","148","43.56"
"171",8,55,560,"Lunenburg County","CENTRAL HIGH","VICTORIA","NA","45","54.998000000000005",36.9850031,-78.2159615,107,110,84,34,32,36,34,36,34,"53","47","47","45","48","45","51.4"
"172",5,115,260,"Lynchburg City","E.C. GLASS HIGH","LYNCHBURG","<10","154","170.00819999999999",37.4075276,-79.1667579,342,330,329,191,182,181,171,169,153,"180","151","163","146","191","176","49.71"
"173",5,115,130,"Lynchburg City","HERITAGE HIGH","LYNCHBURG","<10","108","126.009",37.3631166,-79.2060821,234,227,257,127,118,109,106,133,117,"111","103","112","97","126","117","53.85"
"174",4,56,221,"Madison County","MADISON COUNTY HIGH","MADISON","<10","14","51.006400000000006",38.3646779,-78.2684709,142,126,125,56,56,60,60,58,54,"60","54","57","51","84","82","35.92"
"175",4,143,370,"Manassas","OSBOURN HIGH","MANASSAS","133","48","208.00800000000004",38.7465688,-77.4668776,535,498,450,209,192,185,172,169,151,"181","163","185","169","190","172","38.880000000000003"
"176",4,144,30,"Manassas Park City","MANASSAS PARK HIGH","MANASSAS PARK","45","28","133.99979999999999",38.7784432,-77.4403954,237,301,269,94,87,115,109,113,107,"108","98","88","84","78","69","56.54"
"177",6,116,110,"Martinsville City","MARTINSVILLE HIGH","MARTINSVILLE","<10","82","68.997599999999991",36.6947749,-79.8615879,126,138,149,64,57,71,65,84,77,"75","68","76","67","65","62","54.76"
"178",3,57,190,"Mathews County","MATHEWS HIGH","MATHEWS","NA","9","39.999299999999998",37.4501011,-76.3254096,93,89,101,29,27,39,37,48,44,"35","32","49","46","36","35","43.01"
"179",8,58,980,"Mecklenburg County","BLUESTONE  HIGH","SKIPWITH","NA","71","76.993700000000004",36.7054767,-78.4962415,133,113,123,61,60,65,64,44,41,"45","41","49","47","68","64","57.89"
"180",8,58,990,"Mecklenburg County","PARK VIEW HIGH","SOUTH HILL","NA","69","85.055999999999983",36.7030938,-78.1832508,160,195,184,85,80,99,94,82,72,"73","66","75","69","78","71","53.16"
"181",3,59,90,"Middlesex County","MIDDLESEX HIGH","SALUDA","NA","14","29.996399999999998",37.6081965,-76.6020737,84,89,102,30,26,34,34,53,51,"30","27","37","34","33","32","35.71"
"182",6,60,650,"Montgomery County","AUBURN HIGH","RINER","NA","1","33.003",37.0596121,-80.4435313,90,107,110,66,63,64,63,81,79,"67","65","55","54","47","44","36.67"
"183",6,60,760,"Montgomery County","BLACKSBURG HIGH","BLACKSBURG","<10","14","60.003",37.2108556,-80.4593477,295,305,290,235,235,240,236,204,201,"174","166","175","168","144","136","20.34"
"184",6,60,770,"Montgomery County","CHRISTIANSBURG HIGH","CHRISTIANSBURG","<10","11","72.998800000000003",37.1455846,-80.4180103,217,259,273,142,138,166,159,200,198,"156","150","162","153","122","116","33.64"
"185",6,60,904,"Montgomery County","EASTERN MONTGOMERY HIGH","ELLISTON","<10","NA","42.000299999999996",37.2044,-80.2308,69,63,79,33,32,39,38,54,49,"29","28","29","29","28","28","60.87"
"186",5,62,710,"Nelson County","NELSON COUNTY HIGH","LOVINGSTON","NA","NA0","68.996400000000008",37.7324989,-78.8961147,132,148,159,63,61,54,54,87,85,"75","68","70","66","54","48","52.27"
"187",1,63,20,"New Kent County","NEW KENT HIGH","NEW KENT","NA","33","49.005999999999993",37.509601,-76.9809057,229,233,260,94,90,108,103,100,91,"110","102","84","79","99","95","21.4"
"188",2,117,1405,"Newport News City","ACHIEVABLE DREAM MIDDLE/HIGH","NEWPORT NEWS","NA","37","27.001800000000003",37.00235,-76.42708,42,53,38,38,34,47,43,34,32,"45","41","44","41","53","48","64.290000000000006"
"189",2,117,280,"Newport News City","DENBIGH HIGH","NEWPORT NEWS","44","146","120.99300000000001",37.1261358,-76.5482626,310,261,312,88,78,77,69,97,86,"104","91","90","76","120","110","39.03"
"190",2,117,1395,"Newport News City","HERITAGE HIGH","NEWPORT NEWS","<10","225","144.03899999999999",37.0055645,-76.4290941,266,271,317,93,84,102,96,155,130,"144","124","96","84","90","87","54.15"
"191",2,117,1220,"Newport News City","MENCHVILLE HIGH","NEWPORT NEWS","<10","132","109.998",37.0958657,-76.5305491,378,367,393,151,145,154,147,181,170,"181","158","150","134","150","142","29.1"
"192",2,117,1070,"Newport News City","WARWICK HIGH","NEWPORT NEWS","<10","186","137.99239999999998",37.052569,-76.475836,364,384,307,154,144,152,145,136,120,"154","137","126","117","148","140","37.909999999999997"
"193",2,117,1396,"Newport News City","WOODSIDE HIGH","NEWPORT NEWS","<10","226","137",37.1729005,-76.5240748,400,480,460,182,170,217,207,236,215,"255","230","220","196","246","236","34.25"
"194",2,118,880,"Norfolk City","BOOKER T. WASHINGTON HIGH","NORFOLK","<10","129","113.995",36.8532861,-76.266716,175,126,132,88,85,78,76,122,116,"129","127","135","125","139","132","65.14"
"195",2,118,390,"Norfolk City","GRANBY HIGH","NORFOLK","<10","218","262.01519999999999",36.9070077,-76.2774084,453,439,478,183,177,214,204,232,222,"250","227","218","203","209","199","57.84"
"196",2,118,840,"Norfolk City","LAKE TAYLOR HIGH","NORFOLK","<10","127","120.00039999999998",36.8705817,-76.1981392,188,188,190,100,94,117,114,141,130,"122","109","141","126","125","112","63.83"
"197",2,118,10,"Norfolk City","MATTHEW FONTAINE MAURY HIGH","NORFOLK","<10","181","155.01239999999999",36.86516,-76.29071,372,383,307,207,198,216,206,226,207,"210","200","208","196","186","182","41.67"
"198",2,118,580,"Norfolk City","NORVIEW HIGH","NORFOLK","10","236","243.98779999999999",36.9003379,-76.2403305,427,439,332,173,170,216,200,203,182,"247","226","209","199","191","181","57.14"
"199",2,65,350,"Northampton County","NORTHAMPTON HIGH","EASTVILLE","<10","51","77.002399999999994",37.361213,-75.9409335,101,117,113,45,41,51,50,54,47,"64","60","56","55","33","33","76.239999999999995"
"200",3,66,40,"Northumberland County","NORTHUMBERLAND HIGH","HEATHSVILLE","NA","50","33",37.9131248,-76.4382281,110,106,94,59,54,59,56,59,53,"59","53","48","48","51","47","30"
"201",7,119,20,"Norton City","J.I. BURTON HIGH","NORTON","NA","7","38.001599999999996",36.9297613,-82.6334039,52,53,57,46,45,41,39,45,43,"37","36","33","31","36","32","73.08"
"202",8,67,301,"Nottoway County","NOTTOWAY HIGH","CREWE","<10","55","47.996000000000002",37.122988,-78.0653714,130,125,123,49,45,63,59,62,55,"62","58","59","52","60","58","36.92"
"203",4,68,330,"Orange County","ORANGE CO. HIGH","ORANGE","<10","55","148.00379999999998",38.2454619,-78.09634,393,377,355,168,158,154,148,171,160,"198","183","165","152","137","132","37.659999999999997"
"204",4,69,110,"Page County","LURAY HIGH","LURAY","NA","2","63.995399999999997",38.6548941,-78.4853936,126,146,138,47,46,56,56,62,59,"52","46","58","53","43","43","50.79"
"205",4,69,380,"Page County","PAGE COUNTY HIGH","SHENANDOAH","<10","1","51.108000000000004",38.5638846,-78.610055,120,130,128,49,48,40,36,35,34,"47","46","42","37","48","46","42.59"
"206",6,70,700,"Patrick County","PATRICK COUNTY HIGH","STUART","NA","10","50.005000000000003",36.623479,-80.2707471,137,172,182,76,72,105,100,137,128,"110","103","89","81","104","99","36.5"
"207",1,120,200,"Petersburg City","PETERSBURG HIGH","PETERSBURG","<10","225","167",37.186735,-77.3992271,250,255,249,100,91,94,87,112,98,"115","100","87","82","81","76","66.8"
"208",6,71,1720,"Pittsylvania County","CHATHAM HIGH","CHATHAM","<10","31","79.997400000000013",36.787541,-79.402455,147,157,151,76,74,91,91,96,89,"77","70","88","77","77","74","54.42"
"209",6,71,1680,"Pittsylvania County","DAN RIVER HIGH","RINGGOLD","<10","48","95.997000000000014",36.6615758,-79.3001272,165,162,157,75,71,95,90,95,88,"80","70","78","74","81","78","58.18"
"210",6,71,1700,"Pittsylvania County","GRETNA HIGH","GRETNA","NA","53","96.003600000000006",36.9456361,-79.3687596,154,137,120,71,65,72,71,70,62,"75","71","74","71","70","70","62.34"
"211",6,71,1730,"Pittsylvania County","TUNSTALL HIGH","DRY FORK","NA","29","94.990500000000011",36.669493,-79.524529,209,223,256,109,106,114,109,153,144,"143","134","127","120","127","118","45.45"
"212",2,142,10,"Poquoson City","POQUOSON HIGH","POQUOSON","<10","NA","22.001400000000004",37.128863,-76.379748,153,169,171,75,74,90,87,101,94,"100","95","107","98","95","92","14.38"
"213",2,121,500,"Portsmouth City","CHURCHLAND HIGH","PORTSMOUTH","<10","264","179.99369999999999",36.8804329,-76.3709524,387,355,318,160,155,174,165,145,135,"166","152","153","140","154","145","46.51"
"214",2,121,240,"Portsmouth City","I.C. NORCOM HIGH","PORTSMOUTH","NA","195","127.00920000000001",36.8360718,-76.3197416,212,230,271,102,97,122,112,137,125,"148","136","127","112","151","139","59.91"
"215",2,121,1660,"Portsmouth City","WOODROW WILSON HIGH","PORTSMOUTH","<10","157","167.34959999999998",36.8140506,-76.3787593,264,333,297,108,104,132,124,160,151,"136","123","181","162","165","129","63.39"
"216",1,72,11,"Powhatan County","POWHATAN HIGH","POWHATAN","<10","23","67.211100000000002",37.5221537,-77.8026789,341,360,346,151,145,177,171,199,191,"199","183","158","147","184","174","19.71"
"217",8,73,400,"Prince Edward County","PRINCE EDWARD COUNTY HIGH","FARMVILLE","<10","60","62.004299999999994",37.2663902,-78.3993937,123,142,141,54,48,65,60,68,63,"75","67","78","72","72","68","50.41"
"218",1,74,20,"Prince George County","PRINCE GEORGE HIGH","PRINCE GEORGE","<10","130","173.0043",37.2061188,-77.2659358,441,436,462,164,153,205,201,233,216,"215","201","184","172","199","187","39.229999999999997"
"219",4,75,290,"Prince William County","BATTLEFIELD HIGH","HAYMARKET","11","75","65.246399999999994",38.8453326,-77.6298068,788,728,718,475,458,477,467,433,413,"413","391","312","301","302","287","8.2799999999999994"
"220",4,75,530,"Prince William County","BRENTSVILLE DISTRICT HIGH","NOKESVILLE","<10","7","30.011999999999997",38.691208,-77.568569,246,240,255,99,96,125,126,111,108,"130","124","94","91","72","67","12.2"
"221",4,75,710,"Prince William County","C.D. HYLTON HIGH","WOODBRIDGE","37","127","226.97749999999999",38.6492862,-77.3845405,557,549,557,280,271,288,270,302,279,"311","294","328","294","296","279","40.75"
"222",4,75,5010,"Prince William County","CHARLES J COLGAN SR HIGH","MANASSAS","24","128","141.98699999999999",38.64568,-77.44391,705,519,386,379,365,275,267,173,187,"<5","<5","NA","NA","NA","NA","20.14"
"223",4,75,870,"Prince William County","FOREST PARK HIGH","WOODBRIDGE","29","139","154.9965",38.6118993,-77.3640596,541,534,546,265,255,270,257,263,250,"262","246","255","238","285","269","28.65"
"224",4,75,300,"Prince William County","FREEDOM HIGH","WOODBRIDGE","119","161","367.0197",38.6215541,-77.2877119,563,562,526,191,179,208,194,215,184,"174","147","162","137","188","174","65.19"
"225",4,75,690,"Prince William County","GAR-FIELD HIGH","WOODBRIDGE","104","144","385.98500000000001",38.62824,-77.29269,646,601,590,271,254,273,255,249,232,"297","282","231","216","261","243","59.75"
"226",4,75,80,"Prince William County","OSBOURN PARK HIGH","MANASSAS","41","84","167.27700000000002",38.7633778,-77.4493542,555,486,493,296,290,255,246,274,252,"329","303","334","312","300","277","30.14"
"227",4,75,1060,"Prince William County","PATRIOT HIGH","NOKESVILLE","22","70","87.248000000000005",38.72731,-77.57977,656,694,739,384,375,396,386,412,394,"388","373","340","324","411","386","13.3"
"228",4,75,140,"Prince William County","POTOMAC HIGH","DUMFRIES","42","238","210.99400000000003",38.5972688,-77.3092352,490,517,468,217,208,267,258,239,222,"227","212","160","146","160","153","43.06"
"229",4,75,680,"Prince William County","STONEWALL JACKSON HIGH","MANASSAS","101","100","336.00749999999999",38.7652206,-77.5085508,631,583,609,197,179,222,211,233,212,"209","194","200","178","196","182","53.25"
"230",4,75,60,"Prince William County","WOODBRIDGE HIGH","WOODBRIDGE","61","131","238.98840000000001",38.6814935,-77.3020313,644,616,614,314,299,318,306,338,309,"333","309","357","328","339","324","37.11"
"231",7,77,10,"Pulaski County","PULASKI COUNTY SR. HIGH","DUBLIN","NA","14","127.9927",37.0944861,-80.7186174,253,311,354,176,168,176,172,183,171,"176","166","136","124","134","128","50.59"
"232",7,122,41,"Radford City","RADFORD HIGH","RADFORD","NA","16","54.001999999999995",37.1354544,-80.5700578,124,121,125,91,89,93,91,93,86,"72","70","71","62","75","72","43.55"
"233",4,78,230,"Rappahannock County","RAPPAHANNOCK CO. HIGH","WASHINGTON","NA","3","16.997499999999999",38.6865025,-78.1880954,65,78,81,35,31,34,34,49,44,"42","37","25","23","36","36","26.15"
"234",1,123,850,"Richmond City","ARMSTRONG HIGH","RICHMOND","NA","162","124.9924",37.5524906,-77.4038778,172,179,235,45,40,67,58,89,75,"76","65","64","58","73","68","72.67"
"235",1,123,621,"Richmond City","FRANKLIN MILITARY ACADEMY","RICHMOND","NA","47","32.001899999999999",37.52874,-77.40388,49,47,36,29,28,33,33,31,27,"21","17","26","25","28","26","65.31"
"236",1,123,741,"Richmond City","GEORGE WYTHE HIGH","RICHMOND","21","129","117.99300000000001",37.510214,-77.483051,185,227,217,63,58,75,68,67,58,"72","58","69","65","92","80","63.78"
"237",1,123,1510,"Richmond City","HUGUENOT HIGH","RICHMOND","19","188","133.52959999999999",37.531693,-77.5409084,256,317,292,94,89,159,149,183,169,"142","132","115","103","86","77","52.16"
"238",1,123,730,"Richmond City","JOHN MARSHALL HIGH","RICHMOND","NA","119","76.994",37.5942347,-77.4461855,137,145,146,54,52,61,60,71,67,"80","71","84","75","55","48","56.2"
"239",1,123,90,"Richmond City","OPEN HIGH","RICHMOND","NA","13","14.001600000000002",37.53753,-77.45083,48,52,36,36,35,42,42,30,30,"41","40","36","35","44","42","29.17"
"240",1,123,452,"Richmond City","RICHMOND COMMUNITY HIGH","RICHMOND","<10","39","19.002499999999998",37.56838,-77.43025,55,53,54,40,40,45,44,50,49,"54","50","51","47","29","29","34.549999999999997"
"241",1,123,20,"Richmond City","THOMAS JEFFERSON HIGH","RICHMOND","<10","102","3.4803999999999995",37.5714775,-77.4863025,154,147,168,79,77,84,79,86,81,"75","71","92","88","122","116","2.2599999999999998"
"242",1,79,210,"Richmond County","RAPPAHANNOCK HIGH","WARSAW","<10","28","15.998399999999998",37.9490263,-76.7435669,99,105,80,53,53,58,56,43,37,"59","54","40","39","39","37","16.16"
"243",6,124,390,"Roanoke City","PATRICK HENRY HIGH","ROANOKE","20","182","190.99080000000001",37.2559901,-79.9836085,468,440,421,225,215,233,225,237,216,"269","234","220","178","240","209","40.81"
"244",6,124,400,"Roanoke City","WILLIAM FLEMING HIGH","ROANOKE","22","170","148.988",37.3101275,-79.983814,313,337,345,177,161,159,140,195,170,"165","136","164","143","145","126","47.6"
"245",6,80,470,"Roanoke County","CAVE SPRING HIGH","ROANOKE","<10","16","34",37.2134145,-80.0014986,250,241,228,171,167,171,167,156,147,"177","171","161","150","139","128","13.6"
"246",6,80,610,"Roanoke County","GLENVAR HIGH","ROANOKE","<10","3","33.0015",37.2805334,-80.1390669,147,139,127,89,87,86,84,75,69,"84","83","83","81","62","58","22.45"
"247",6,80,754,"Roanoke County","HIDDEN VALLEY HIGH","ROANOKE","<10","10","31.990200000000002",37.2241006,-80.0241968,222,188,248,160,156,117,111,177,171,"145","142","129","124","162","154","14.41"
"248",6,80,520,"Roanoke County","NORTHSIDE HIGH","ROANOKE","<10","37","65.005200000000002",37.326394,-79.996303,234,258,275,141,130,156,150,168,156,"140","132","161","142","128","122","27.78"
"249",6,80,630,"Roanoke County","WILLIAM BYRD HIGH","VINTON","<10","10","49.998000000000005",37.2840552,-79.8586006,260,260,272,157,155,148,146,183,173,"175","169","207","199","136","130","19.23"
"250",5,81,22,"Rockbridge County","ROCKBRIDGE COUNTY HIGH","LEXINGTON","NA","6","70.007400000000004",37.8018525,-79.4227768,207,233,231,110,108,136,132,140,133,"125","120","125","115","118","112","33.82"
"251",5,82,870,"Rockingham County","BROADWAY HIGH","BROADWAY","<10","1","57.247",38.6064088,-78.7943693,230,223,247,134,124,115,115,112,106,"115","111","97","88","99","91","24.89"
"252",5,82,391,"Rockingham County","EAST ROCKINGHAM HIGH","ELKTON","NA","5","50.806000000000004",38.39935,-78.65372,191,185,167,76,75,83,80,89,80,"79","71","77","69","73","71","26.6"
"253",5,82,20,"Rockingham County","SPOTSWOOD HIGH","PENN LAIRD","16","10","86.687999999999988",38.3753811,-78.7630769,252,236,206,131,124,132,122,104,98,"138","130","84","79","91","90","34.4"
"254",5,82,850,"Rockingham County","TURNER ASHBY HIGH","BRIDGEWATER","11","2","67.566400000000002",38.394992,-78.9556895,242,262,274,118,115,121,118,126,121,"146","141","123","115","96","94","27.92"
"255",7,83,791,"Russell County","CASTLEWOOD HIGH","CASTLEWOOD","NA","NA","44.999499999999998",36.8719736,-82.2962094,65,67,74,41,40,50,50,32,31,"38","33","45","44","56","51","69.23"
"256",7,83,540,"Russell County","HONAKER HIGH","HONAKER","NA","NA","56.997600000000006",37.0170552,-81.978459,102,76,76,59,55,52,51,44,44,"75","72","46","42","45","44","55.88"
"257",7,83,140,"Russell County","LEBANON HIGH","LEBANON","NA","NA","52.003",36.8883048,-82.1100746,119,116,120,59,59,73,71,64,59,"52","46","50","45","52","49","43.7"
"258",6,139,70,"Salem City","SALEM HIGH","SALEM","<10","25","67.998800000000003",37.292884,-80.078294,278,305,302,202,189,201,199,212,203,"162","148","177","162","206","199","24.46"
"259",7,84,770,"Scott County","GATE CITY HIGH","GATE CITY","NA","2","47.996400000000001",36.6396185,-82.568819,141,180,162,80,74,96,90,88,83,"94","91","86","77","88","84","34.04"
"260",7,84,260,"Scott County","RYE COVE HIGH","DUFFIELD","NA","NA","23",36.735492,-82.691344,46,51,53,22,22,36,34,31,30,"26","25","28","24","29","26","50"
"261",7,84,780,"Scott County","TWIN SPRINGS HIGH","NICKELSVILLE","<10","NA","21.9984",36.7798662,-82.4633047,48,40,54,21,20,25,24,32,31,"32","32","30","29","38","36","45.83"
"262",4,85,780,"Shenandoah County","CENTRAL HIGH","WOODSTOCK","NA","8","69.977000000000004",38.8661147,-78.5228762,190,182,193,77,73,70,64,76,71,"60","56","80","72","76","71","36.83"
"263",4,85,790,"Shenandoah County","STONEWALL JACKSON HIGH","QUICKSBURG","<10","3","60.447399999999995",38.7040848,-78.6638907,134,108,118,52,52,48,48,48,47,"53","52","44","40","52","48","45.11"
"264",4,85,770,"Shenandoah County","STRASBURG HIGH","STRASBURG","NA","2","35.993100000000005",38.9842752,-78.3630673,143,133,134,54,53,41,41,70,65,"65","59","72","62","69","66","25.17"
"265",7,86,460,"Smyth County","CHILHOWIE HIGH","CHILHOWIE","NA","1","28.996800000000004",36.8046049,-81.673446,84,107,80,48,44,62,60,51,48,"60","49","38","37","55","54","34.520000000000003"
"266",7,86,700,"Smyth County","MARION SENIOR HIGH","MARION","NA","2","47.36160000000001",36.8387222,-81.5049458,132,147,147,59,58,80,79,77,70,"99","93","65","54","84","81","35.880000000000003"
"267",7,86,250,"Smyth County","NORTHWOOD HIGH","SALTVILLE","NA","NA","30.001799999999999",36.8783108,-81.7625515,62,73,61,23,19,36,34,25,24,"26","24","24","21","40","38","48.39"
"268",2,87,690,"Southampton County","SOUTHAMPTON HIGH","COURTLAND","NA","71","86.995200000000011",36.7006951,-77.1065246,192,196,177,90,86,91,86,84,77,"89","84","93","84","90","86","45.31"
"269",3,88,381,"Spotsylvania County","CHANCELLOR HIGH","FREDERICKSBURG","NA","82","162.06240000000003",38.2735501,-77.5548058,304,315,308,141,134,136,131,145,138,"123","119","127","114","111","106","53.31"
"270",3,88,20,"Spotsylvania County","COURTLAND HIGH","SPOTSYLVANIA","NA","70","118.77460000000001",38.2321089,-77.5517318,301,307,279,127,125,130,126,149,140,"143","131","154","141","137","130","39.46"
"271",3,88,506,"Spotsylvania County","MASSAPONAX HIGH","FREDERICKSBURG","NA","128","191.88399999999999",38.1831031,-77.5126443,445,513,499,199,191,232,219,231,219,"226","214","205","191","182","172","43.12"
"272",3,88,510,"Spotsylvania County","RIVERBEND HIGH","FREDERICKSBURG","NA","53","141.3261",38.2951896,-77.575414,459,456,504,185,184,251,245,250,231,"236","222","215","197","220","210","30.79"
"273",3,88,370,"Spotsylvania County","SPOTSYLVANIA HIGH","SPOTSYLVANIA","NA","25","133.46020000000001",38.1599116,-77.653355,289,268,272,102,100,124,116,119,113,"116","108","129","119","112","108","46.18"
"274",3,89,421,"Stafford County","BROOKE POINT HIGH","STAFFORD","NA","114","114.9889",38.4064364,-77.3961854,449,460,511,194,181,223,207,241,223,"243","225","197","182","186","179","25.61"
"275",3,89,424,"Stafford County","COLONIAL FORGE HIGH","STAFFORD","NA","148","91.011200000000002",38.4346596,-77.4508901,544,556,505,77,76,106,103,252,243,"278","264","222","205","214","206","16.73"
"276",3,89,430,"Stafford County","MOUNTAIN VIEW HIGH","CENTREVILLE","NA","50","177.53709999999998",38.4589038,-77.4978496,481,398,468,216,210,179,177,226,215,"223","213","192","180","202","195","36.909999999999997"
"277",3,89,30,"Stafford County","NORTH STAFFORD HIGH","STAFFORD","21","104","147.01560000000001",38.4674556,-77.4559935,404,412,454,164,169,177,174,232,215,"202","191","190","176","184","174","36.39"
"278",3,89,20,"Stafford County","STAFFORD SR. HIGH","FREDERICKSBURG","15","80","130.9896",38.3618535,-77.4641274,483,504,504,204,195,237,225,219,204,"240","224","218","203","207","200","27.12"
"279",5,126,30,"Staunton City","STAUNTON HIGH","STAUNTON","<10","37","70.3566",38.1648669,-79.0532921,202,192,196,98,91,107,98,114,107,"89","83","94","88","85","81","34.83"
"280",2,127,395,"Suffolk City","KING'S FORK HIGH","SUFFOLK","NA","161","110.00400000000002",36.7847426,-76.5934738,267,297,299,145,137,195,190,188,183,"173","162","136","131","172","166","41.2"
"281",2,127,300,"Suffolk City","LAKELAND HIGH","SUFFOLK","<10","144","107.00039999999998",36.7209894,-76.6605502,228,221,174,95,91,99,95,102,96,"117","111","116","105","107","100","46.93"
"282",2,127,240,"Suffolk City","NANSEMOND RIVER HIGH","SUFFOLK","NA","157","93.007199999999997",36.80191,-76.5181392,312,328,342,175,172,177,173,218,194,"201","188","202","196","204","194","29.81"
"283",1,90,10,"Surry County","SURRY COUNTY HIGH","DENDRON","NA","42","31.0014",37.0803228,-76.9041087,54,61,63,28,26,35,35,34,33,"33","30","34","30","45","41","57.41"
"284",1,91,340,"Sussex County","SUSSEX CENTRAL HIGH","SUSSEX","NA","55","33.465600000000002",36.9200764,-77.2539662,72,59,78,41,41,38,38,56,53,"43","39","46","43","40","35","46.48"
"285",7,92,940,"Tazewell County","GRAHAM HIGH","BLUEFIELD","NA","4","39.996000000000002",37.2377269,-81.2709841,132,120,118,88,82,63,59,74,68,"81","76","65","61","60","60","30.3"
"286",7,92,821,"Tazewell County","RICHLANDS HIGH","RICHLANDS","NA","1","87.006400000000014",37.0934577,-81.7773114,178,154,141,80,77,79,77,79,73,"61","57","71","64","65","63","48.88"
"287",7,92,890,"Tazewell County","TAZEWELL HIGH","TAZEWELL","NA","3","65.002199999999988",37.1250001,-81.5049651,131,116,130,67,65,64,63,62,58,"69","65","67","60","66","61","49.62"
"288",2,128,530,"Virginia Beach City","BAYSIDE HIGH","VIRGINIA BEACH","<10","180","243.99250000000001",36.8693411,-76.150632,425,451,431,176,169,193,182,235,218,"241","224","222","208","221","212","57.41"
"289",2,128,610,"Virginia Beach City","FIRST COLONIAL HIGH","VIRGINIA BEACH","<10","67","124.99760000000001",36.8739705,-76.0300339,404,469,439,207,198,237,226,245,235,"289","278","241","223","273","264","30.94"
"290",2,128,440,"Virginia Beach City","FLOYD KELLAM HIGH","VIRGINIA BEACH","NA","21","57.013800000000003",36.7435819,-76.062446,501,485,548,277,270,298,293,323,308,"286","275","271","262","273","263","11.38"
"291",2,128,30,"Virginia Beach City","FRANK W. COX HIGH","VIRGINIA BEACH","<10","47","112.00849999999998",36.8871724,-76.0516977,415,421,474,213,207,228,224,262,247,"251","241","241","231","249","236","26.99"
"292",2,128,1050,"Virginia Beach City","GREEN RUN COLLEGIATE","VIRGINIA BEACH","NA","31","31.003200000000003",36.80526,-76.11114,72,84,64,48,48,58,55,52,49,"47","44","NA","NA","NA","NA","43.06"
"293",2,128,10,"Virginia Beach City","GREEN RUN HIGH","VIRGINIA BEACH","<10","133","193.98759999999999",36.8040758,-76.110823,332,357,358,110,101,161,155,163,156,"195","180","194","182","187","172","58.43"
"294",2,128,620,"Virginia Beach City","KEMPSVILLE HIGH","VIRGINIA BEACH","<10","95","144.9956",36.8202521,-76.1565847,388,352,371,177,168,176,174,198,191,"184","171","169","161","176","168","37.369999999999997"
"295",2,128,1030,"Virginia Beach City","LANDSTOWN HIGH","VIRGINIA BEACH","<10","168","200.98199999999997",36.7796829,-76.1006446,570,573,544,266,255,293,288,307,289,"315","301","287","275","270","262","35.26"
"296",2,128,960,"Virginia Beach City","OCEAN LAKES HIGH","VIRGINIA BEACH","<10","80","156.00209999999998",36.7716266,-75.9813944,529,523,534,280,274,284,268,302,292,"282","265","231","217","302","285","29.49"
"297",2,128,321,"Virginia Beach City","PRINCESS ANNE HIGH","VIRGINIA BEACH","<10","77","144.9864",36.844798,-76.1271935,468,459,487,240,231,232,224,274,261,"270","263","216","207","235","226","30.98"
"298",2,128,850,"Virginia Beach City","SALEM HIGH","VIRGINIA BEACH","<10","130","142.00639999999999",36.7827184,-76.143682,398,423,431,215,205,228,220,270,253,"259","245","244","231","223","212","35.68"
"299",2,128,920,"Virginia Beach City","TALLWOOD HIGH","VIRGINIA BEACH","<10","151","187.00440000000003",36.7848211,-76.1821724,457,452,520,232,222,234,228,322,309,"289","272","213","202","239","230","40.92"
"300",4,93,250,"Warren County","SKYLINE HIGH","FRONT ROYAL","<10","16","61.990500000000004",38.9071724,-78.2075148,221,199,246,70,69,61,58,74,70,"76","71","78","70","82","81","28.05"
"301",4,93,230,"Warren County","WARREN COUNTY HIGH","FRONT ROYAL","<10","5","67.002799999999993",38.9167655,-78.1677306,191,202,201,51,48,84,80,81,73,"92","84","89","85","88","81","35.08"
"302",7,94,1030,"Washington County","ABINGDON HIGH","ABINGDON","<10","6","68.996200000000002",36.7205411,-81.9538161,221,228,235,109,105,141,137,136,125,"119","107","100","92","103","94","31.22"
"303",7,94,1060,"Washington County","HOLSTON HIGH","DAMASCUS","NA","NA","33.999000000000002",36.6540786,-81.7941724,70,74,73,27,27,47,45,41,38,"45","38","34","27","37","35","48.57"
"304",7,94,1040,"Washington County","JOHN S. BATTLE HIGH","BRISTOL","NA","NA","58",36.6435947,-82.1046978,160,141,138,78,72,88,83,80,78,"86","82","86","82","68","67","36.25"
"305",7,94,1050,"Washington County","PATRICK HENRY HIGH","GLADE SPRING","NA","1","39.997",36.7762823,-81.8147326,115,102,95,50,48,45,41,52,47,"62","56","51","49","44","42","34.78"
"306",5,130,600,"Waynesboro City","WAYNESBORO HIGH","WAYNESBORO","<10","21","85.007499999999993",38.070414,-78.898357,185,200,169,68,67,82,80,86,82,"74","67","93","88","117","105","45.95"
"307",1,207,290,"West Point","WEST POINT MIDDLE/HIGH","WEST POINT","NA","6","15.001999999999999",37.55679,-76.79615,65,65,73,36,36,37,37,40,40,"37","34","27","24","33","30","23.08"
"308",3,95,120,"Westmoreland County","WASHINGTON & LEE HIGH","MONTROSS","NA","48","71.995200000000011",38.06654,-76.77517,106,127,105,53,49,71,66,51,50,"60","53","61","49","39","38","67.92"
"309",2,131,202,"Williamsburg-James City County","JAMESTOWN HIGH","WILLIAMSBURG","NA","29","63.983400000000003",37.25109,-76.79001,338,328,317,168,163,196,191,184,175,"215","208","159","152","159","153","18.93"
"310",2,131,90,"Williamsburg-James City County","LAFAYETTE HIGH","WILLIAMSBURG","15","54","94.513400000000004",37.31537,-76.76408,254,269,271,130,121,130,126,132,122,"129","120","143","133","125","118","37.21"
"311",2,131,204,"Williamsburg-James City County","WARHILL HIGH","WILLIAMSBURG","NA","77","90.001200000000011",37.33297,-76.75942,358,314,310,138,131,147,142,148,141,"155","143","131","123","131","121","25.14"
"312",4,132,40,"Winchester City","JOHN HANDLEY HIGH","WINCHESTER","NA","31","144.012",39.17748,-78.17484,264,292,303,120,111,125,120,119,106,"136","121","124","110","113","103","54.55"
"313",7,96,1000,"Wise County","CENTRAL HIGH","NORTON","NA","NA","86.444199999999995",36.9549332,-82.5990372,157,173,167,86,85,114,112,90,85,"90","84","83","77","82","78","55.06"
"314",7,96,652,"Wise County","EASTSIDE HIGH","ST. PAUL","NA","NA","53.998000000000005",36.94586,-82.4683842,98,105,109,60,54,57,53,54,51,"46","45","39","35","29","28","55.1"
"315",7,96,1010,"Wise County","UNION HIGH","BIG STONE GAP","<10","5","96.162499999999994",36.8792223,-82.7381701,157,178,178,72,71,93,91,75,69,"82","78","64","58","77","74","61.25"
"316",7,97,760,"Wythe County","FORT CHISWELL HIGH","MAX MEADOWS","NA","3","41.0032",36.9297397,-80.9391577,112,130,126,62,60,63,61,94,91,"62","58","53","51","50","45","36.61"
"317",7,97,721,"Wythe County","GEORGE WYTHE HIGH","WYTHEVILLE","<10","12","39.997",36.9412456,-81.10247,94,102,120,56,53,55,51,73,68,"73","67","65","61","64","61","42.55"
"318",7,97,202,"Wythe County","RURAL RETREAT HIGH","RURAL RETREAT","NA","1","27",36.8953151,-81.2694661,75,87,96,47,46,63,61,64,60,"47","43","51","46","45","43","36"
"319",2,98,20,"York County","BRUTON HIGH","WILLIAMSBURG","NA","26","39.997",37.3107749,-76.6915035,115,133,170,52,50,68,68,87,83,"77","72","74","70","64","60","34.78"
"320",2,98,332,"York County","GRAFTON HIGH","YORKTOWN","<10","36","33.988",37.1635125,-76.4700586,293,293,285,157,151,169,165,158,150,"153","145","162","155","162","153","11.6"
"321",2,98,230,"York County","TABB HIGH","YORKTOWN","<10","29","44.001400000000004",37.1235672,-76.4332147,302,266,277,154,150,145,145,156,151,"163","154","160","151","156","152","14.57"
"322",2,98,30,"York County","YORK HIGH","YORKTOWN","<10","30","35.001199999999997",37.204046,-76.5004689,254,241,282,123,122,128,126,176,165,"138","131","144","137","124","119","13.78"
